{"epochs": [1, 2, 3, 4, 5, 6, 7, 8, 9, 10, 11, 12, 13, 14, 15, 16, 17, 18, 19, 20, 21], "training_loss": [0.09982532878989082, 0.02994331117148999, 0.018885608378266087, 0.014943014390217333, 0.01344581023439596, 0.012022657761357317, 0.011113575013136114, 0.015812471288913027, 0.012527199818344261, 0.010682678089119733, 0.007232935321675737, 0.006943446583055586, 0.006620581660134496, 0.006492175967723047, 0.006543809481780264, 0.00633381722413095, 0.006380392589504234, 0.006333238214922502, 0.0060305815302971084, 0.006098145047191263, 0.005817544380500419], "training_accuracy": [0.957572381511109, 0.989469647163998, 0.9944517958412125, 0.9956535272736321, 0.9961690583279817, 0.9964952741020808, 0.9967373797573279, 0.9947940905323764, 0.9960067668029368, 0.9966982192133772, 0.9979111531190954, 0.9979943289224976, 0.9980290320678193, 0.998089663242915, 0.9981506917348805, 0.9980649488920158, 0.9981317881431989, 0.9981065367937172, 0.9982187446649373, 0.9981419166193323, 0.9982722117202293], "validation_loss": [0.09584367702694381, 0.22690277454124994, 0.22900058943399065, 0.27899263912939126, 0.2881878076312921, 0.3883491009435383, 0.5123393833866123, 0.3077100676572101, 0.2534447211657167, 0.5275010572976956, 0.33879739891432986, 0.39694252214991943, 0.4652804926308028, 0.4697698411602294, 0.42316855897469763, 0.4115388573181599, 0.4284316255453628, 0.46404049335488434, 0.5111358184147762, 0.5553054755974758, 0.44608084140246573], "validation_accuracy": [0.9614576271186441, 0.9512908117752007, 0.9597503852080123, 0.9427421133728002, 0.9486167383018409, 0.9438644067796611, 0.9432203389830509, 0.9404975265590787, 0.9619152542372882, 0.9388474576271187, 0.9421643013543103, 0.9401864406779661, 0.9399661016949152, 0.9403389830508474, 0.9399152542372883, 0.941390884761982, 0.94, 0.9400677966101695, 0.9407457627118643, 0.9404406779661018, 0.9406912659151732], "confusion_matrix": [[[27895, 36], [2238, 28040]]]}