{"epochs": [1, 2, 3, 4, 5, 6, 7, 8, 9, 10, 11, 12, 13, 14, 15, 16, 17, 18, 19, 20, 21, 22, 23, 24, 25, 26, 27, 28, 29, 30, 31, 32, 33, 34, 35, 36, 37, 38, 39, 40, 41, 42, 43, 44, 45, 46, 47, 48, 49, 50, 51, 52, 53, 54, 55, 56, 57, 58, 59, 60], "training_loss": [0.7355480230006911, 0.7025331263914949, 0.6768975859153414, 0.59664986977668, 0.5865637053511924, 0.6285761211637009, 0.7015087785818791, 0.5913245577797842, 0.571693086835507, 0.582334170434923, 0.5466242285113552, 0.542843794437711, 0.5359113561755147, 0.5375686505274551, 0.5351108147585819, 0.5349333080484591, 0.5365936911970067, 0.5335702419568881, 0.5322474474552639, 0.531569992042922, 0.5288895774435143, 0.5272355588986031, 0.5252562932942506, 0.5259575926302119, 0.5239299879230331, 0.5245241212307107, 0.5241043086311973, 0.5234787434493162, 0.524025526421885, 0.5266587671052886, 0.5224443269991672, 0.5227835152002603, 0.5254885294113213, 0.5225833528592296, 0.5269778236055345, 0.5228006870967724, 0.5250268382697555, 0.5299653580572325, 0.5222002751014123, 0.5220100663552638, 0.5235315352373447, 0.522709796798905, 0.5240101213488079, 0.5222605864910499, 0.5269623225703307, 0.5222979350338478, 0.521945027265722, 0.5275272307754373, 0.5219659530425697, 0.5265031473557231, 0.5223590912916842, 0.5223142039634027, 0.5221515637616937, 0.5238354804225335, 0.5239556393059724, 0.5235783224447572, 0.5226253741618447, 0.5225760768595997, 0.5226185987496774, 0.5257074055901512], "training_accuracy": [0.7330626632675662, 0.7513848497438381, 0.7451626576687146, 0.7531994554237549, 0.7529567531897641, 0.7482977620686813, 0.7381424521510593, 0.7511772112055422, 0.7525794106672246, 0.7500786905886077, 0.7516870624968525, 0.752099464903994, 0.7533677451844374, 0.7525833388415126, 0.7532448934630033, 0.752920737234364, 0.7522725841989988, 0.7507000420708186, 0.7466781443141114, 0.7426053567494523, 0.7443407866243613, 0.744093893403673, 0.7448918571860208, 0.7449889833176677, 0.7453449578244998, 0.7430680137223548, 0.7429902423670158, 0.7434260841649976, 0.7448253068932973, 0.7423229461756352, 0.7447843877872198, 0.7453943254733677, 0.7422568460812057, 0.7434435001573793, 0.7401002616707916, 0.7430302667872067, 0.7424414103072198, 0.7386339313818067, 0.7425259573289409, 0.7450994586428316, 0.7432770993327499, 0.7438656485763576, 0.7438798698233082, 0.7436197670758566, 0.7418162303038642, 0.7423661599471376, 0.7439327989223578, 0.7419823925818849, 0.7422893887031912, 0.7412244255586504, 0.7403179099779698, 0.7415572970761448, 0.7417473986365298, 0.7419738631213203, 0.7419014705141762, 0.7425055083412779, 0.7431732128076438, 0.7421776972048054, 0.7422685874416243, 0.7418849716567902], "validation_loss": [0.773133499900675, 0.7411703304710768, 0.7324146051176564, 0.6038112426304691, 0.61203742719036, 0.6983616275722481, 0.6495855050761294, 0.605188323770381, 0.5885713702628761, 0.5945815875314899, 0.5945620624725675, 0.5819560928906429, 0.5795427432644934, 0.5925603105355918, 0.5787797606434065, 0.5782545611539195, 0.5799234023105546, 0.5793313326825034, 0.5748658103938467, 0.5741443583120603, 0.5714343927816526, 0.5723459408070601, 0.5721081757234987, 0.5773674275527265, 0.5690794252470427, 0.5717635830244155, 0.5721798864781432, 0.5678289489237551, 0.5734791161815467, 0.5680548464665436, 0.5703580207177951, 0.5694866663050507, 0.5700139666424578, 0.5716610152604144, 0.5707473664300142, 0.5700850041176977, 0.5709247906598052, 0.5714189849364758, 0.5687545590362735, 0.568699617785361, 0.5692931976304746, 0.5699703438007189, 0.5701740551660557, 0.5696011277466003, 0.5709839202737707, 0.5688689224249662, 0.5691573138566594, 0.571146527637893, 0.5691268066406215, 0.571348915088339, 0.5690559586146067, 0.5692379762232022, 0.5691534370686647, 0.5699351675790141, 0.569874686282682, 0.5701640955793565, 0.5693606428171908, 0.5696720060148079, 0.5694991474789123, 0.5704403828892145], "validation_accuracy": [0.7423788546255515, 0.7517694768393783, 0.7367519645375779, 0.7450595982748816, 0.7518319860995697, 0.7446954244415904, 0.7500377738604962, 0.7479852926362319, 0.7496032845520276, 0.7494461228600227, 0.746474617244158, 0.7469829757227607, 0.7510322255790558, 0.7457335649721805, 0.7493452860596322, 0.7495215551974215, 0.7337027707808537, 0.7502707058497662, 0.7118390524727912, 0.7279798615481434, 0.7343152064451179, 0.7480677727146869, 0.7504280821917808, 0.7479596977329971, 0.720568982880162, 0.7223662680931395, 0.7295759040999302, 0.7335902473427037, 0.732502517623364, 0.7339830764581381, 0.7329757227762669, 0.7295379039565083, 0.7273597259997926, 0.7275863805782208, 0.725191416481967, 0.7292689682959368, 0.7253840342482999, 0.7188664987405398, 0.7280237771396912, 0.72865055387714, 0.728653468339131, 0.7264485910704834, 0.7273230784723483, 0.7281656089453004, 0.7289190006044739, 0.726670862177469, 0.725555387637903, 0.7280993400836107, 0.7257365902795244, 0.7268605969021515, 0.7275108290520812, 0.7263687853996214, 0.7259632334424557, 0.7263343403826806, 0.726409869083587, 0.7262720403022684, 0.7249880385787302, 0.7254354172958825, 0.7243584900909056, 0.726379935535863], "confusion_matrix": [[[23355, 4383], [5842, 6120]]]}