{"epochs": [1, 2, 3, 4, 5, 6, 7, 8, 9, 10, 11, 12, 13, 14, 15, 16, 17, 18, 19, 20, 21], "training_loss": [0.3183532728645645, 0.1288729053173886, 0.09823510367728648, 0.0863692967434887, 0.08058680207392231, 0.07654567757835154, 0.07246978203537034, 0.07178888041831431, 0.07022871469132236, 0.06650684390400277, 0.06113111535850607, 0.060502042169453665, 0.06000331545584515, 0.059522779640115674, 0.05927905866601428, 0.05883921291984496, 0.058476085099773326, 0.0584024543461741, 0.05768991313019737, 0.057922906101849234, 0.05711360330097988], "training_accuracy": [0.852852248337613, 0.9568077753637517, 0.9675784778458107, 0.9721112647310559, 0.9741785568503537, 0.975534320890118, 0.9768538876818756, 0.9771769175060915, 0.9776819145434196, 0.979096589637238, 0.9805917506089938, 0.9808326025413143, 0.9809261241688076, 0.9810785831851997, 0.9811884192507743, 0.9812194614523663, 0.9813359075646855, 0.9813474093093693, 0.9816048390282437, 0.9815883665810793, 0.9816900585950366], "validation_loss": [0.30957305077840025, 0.3358365575542285, 0.4458453513912937, 0.3691306654315744, 0.5706336160028974, 0.4205925295645123, 0.6289182463693171, 0.38836171795564, 0.4203795700273365, 0.456535997383519, 0.4320312750736046, 0.42899872247883264, 0.44669696671786263, 0.423278707584807, 0.42121245934932255, 0.4263645257446355, 0.423521969058811, 0.4118790219539706, 0.44768960699674915, 0.4204690767444858, 0.4309352834937151], "validation_accuracy": [0.8903382352941176, 0.8946176470588235, 0.8810588235294117, 0.8913676470588233, 0.8396470588235294, 0.8712205882352942, 0.869205882352941, 0.8834411764705883, 0.8782058823529413, 0.8788823529411767, 0.879, 0.8733235294117646, 0.8676029411764705, 0.8716470588235293, 0.8691911764705883, 0.8702205882352942, 0.8693970588235295, 0.8668382352941174, 0.8670441176470589, 0.8676323529411765, 0.8575147058823529], "confusion_matrix": [[[30213, 3352], [4105, 29499]]]}