{"epochs": [1, 2, 3, 4, 5, 6, 7, 8, 9, 10, 11, 12, 13, 14, 15, 16, 17, 18, 19, 20, 21, 22, 23, 24, 25, 26, 27, 28, 29, 30, 31, 32, 33, 34, 35, 36, 37, 38, 39, 40], "training_loss": [1.73077896171715, 1.544375017270386, 1.546311909108218, 1.4819504835663373, 1.5014633035203844, 1.4433032268197934, 1.5771629621090517, 1.4709643812334066, 1.376783155421099, 1.4075461679944685, 1.338823261513789, 1.328505895883267, 1.3001236079975234, 1.3088015559498796, 1.3013976913330196, 1.3031721128664273, 1.3062729013460517, 1.2970607354066606, 1.2904076018051065, 1.2896540418782667, 1.279480945477089, 1.2770536971179114, 1.2684624029203584, 1.2721441393395077, 1.261655532925792, 1.2632642206634344, 1.261902960182587, 1.2594244759829334, 1.2650099073861205, 1.2802288417716539, 1.2587822839356009, 1.2595266518633816, 1.2765417815943279, 1.2578004683820114, 1.286230167934212, 1.2612678614031665, 1.2739997742450981, 1.300909278982342, 1.2561469406705261, 1.2549960911011315], "training_accuracy": [0.7346961256412767, 0.7463786179199916, 0.7480631745052385, 0.7517768146625798, 0.7498929871994813, 0.751027375343303, 0.7491142992838293, 0.7538999055712958, 0.7543101503739749, 0.7508844822159269, 0.7520773530744825, 0.7522159269751315, 0.753836711569932, 0.752270159170809, 0.7519041324394925, 0.7525682344646993, 0.7480862448851852, 0.7463557944809693, 0.7454223176244874, 0.7475907216819436, 0.7403686357455832, 0.7380980857479229, 0.7378040336388357, 0.7372961913755922, 0.7378446430819564, 0.7375318666792682, 0.737189172175012, 0.7371928631901523, 0.736887000314765, 0.7396443185395013, 0.7338684293358547, 0.7339021708569897, 0.7344633301857096, 0.734265029902424, 0.7363147435857101, 0.7345416337498373, 0.7342549052933353, 0.7430406043437222, 0.7355122067899666, 0.734212514163415], "validation_loss": [1.8402899486246613, 1.7815275225785634, 1.7471901943569883, 1.6634706713030079, 1.989001019127161, 1.6342939655175637, 1.7812587841739136, 1.6825187303941083, 1.6266659814842155, 1.6693737140300633, 1.5090447018867827, 1.5201964346293115, 1.516602197748516, 1.543331871974696, 1.5408232416151282, 1.4965055717145395, 1.5331623928754248, 1.4906716801456608, 1.5307630521568292, 1.4732893232468234, 1.4908307903110376, 1.489531498556471, 1.5173668298867697, 1.5208613464424563, 1.4942988828350983, 1.4906664768747508, 1.4749841341508563, 1.4758428048443044, 1.4985617227905583, 1.4828585719983225, 1.4915777357812428, 1.4900019896051155, 1.4860141302964693, 1.489488423097134, 1.4849971693413084, 1.4795944812086517, 1.487038619473066, 1.4749514488276239, 1.485978270153797, 1.4935275493731617], "validation_accuracy": [0.7516173694147269, 0.7378655449484938, 0.7517882329236348, 0.7509382635198099, 0.7194983757649042, 0.7465941426808723, 0.751624276001015, 0.7518132366273728, 0.7517694768393726, 0.7518882175226591, 0.7490934730056407, 0.7501007353681775, 0.7507804632427001, 0.749276128609918, 0.7509317082997594, 0.7338587832393231, 0.7503778337531488, 0.7263226813729202, 0.7317196040402009, 0.7190434235368146, 0.7415659617321235, 0.7467334659248288, 0.752769943593876, 0.7438035264483588, 0.7441842900302109, 0.7467841409691611, 0.7495970585272487, 0.7481487078736601, 0.746827794561933, 0.7438047748564462, 0.7429988919109496, 0.7436323366555939, 0.7416893321245036, 0.7431751788052776, 0.7464235341527286, 0.7437485835159001, 0.7430873835306032, 0.751435768261977, 0.7429600523903086, 0.7454179254783483], "confusion_matrix": [[[24831, 2907], [7019, 4943]]]}