{"epochs": [1, 2, 3, 4, 5, 6, 7, 8, 9, 10, 11, 12, 13, 14, 15, 16, 17, 18, 19, 20, 21, 22, 23, 24, 25, 26, 27, 28, 29, 30, 31, 32], "training_loss": [1.3918347974283418, 1.2501956726777679, 1.2630867716342766, 1.1482877706577632, 1.1365186094347937, 1.1238851749277055, 1.3754987147438786, 1.2484667498219453, 1.127008079500294, 1.120312993912285, 1.0605953183350993, 1.0519157334165938, 1.0314747154540085, 1.0365854110953416, 1.030794687782015, 1.0312172639452808, 1.0348767966751993, 1.0319118344158018, 1.0237469858349695, 1.0246319667302608, 1.0249257393824063, 1.025133572584896, 1.0189073595792124, 1.0234925162491555, 1.015085461280605, 1.017004027273272, 1.0165775737951566, 1.0160742123660769, 1.0194032414607894, 1.0294027669309895, 1.0164515956670637, 1.0164955402211773], "training_accuracy": [0.7324017247348473, 0.7498999131321877, 0.7477216595006233, 0.7523277906997559, 0.7540512738196313, 0.7536725324370434, 0.7451867892971904, 0.7478942398489058, 0.7534316662067995, 0.752810827824994, 0.7427922143324772, 0.7392414227258379, 0.7530781820470871, 0.7488251827930538, 0.7480360683599284, 0.7499685265384228, 0.7425180988354544, 0.7471798979602495, 0.7443590090614712, 0.739155887073945, 0.7296073173188293, 0.7232360365350847, 0.7241665827374358, 0.7229650613787473, 0.726702757144655, 0.7290844427658839, 0.7269342146679253, 0.7307912618456266, 0.7247340258105178, 0.7237519672647141, 0.7223701605288004, 0.7225694837868669], "validation_loss": [1.4629182094059852, 1.532453514804956, 1.2682758317216023, 1.2771183033643043, 1.3278886683541151, 1.32592620948696, 1.4211323411443846, 1.4547620059927404, 1.3414895774458968, 1.2782403587385114, 1.1905988877226232, 1.257045494352513, 1.206697252937072, 1.212561983759037, 1.1846610526285175, 1.2006485259145765, 1.1981899235472353, 1.2157736143444346, 1.1820432760965172, 1.2086001255073573, 1.1969985480635537, 1.189360519438822, 1.1885171768237333, 1.199456423207351, 1.2023813936043173, 1.1894954257570864, 1.1914989503442688, 1.1888667548710914, 1.201833307443945, 1.1856782100279393, 1.192363146387386, 1.1877977710037972], "validation_accuracy": [0.7516173694147271, 0.7516939119921453, 0.751838605682047, 0.7517442885569614, 0.7518571680390825, 0.7518319860995697, 0.750339964744404, 0.7343356502467954, 0.7517694768393726, 0.7518882175226591, 0.7228041901692184, 0.7120529868036584, 0.7513595166163145, 0.7518694765465679, 0.7509065269943589, 0.7508058017727639, 0.7219899244332496, 0.7518319860995697, 0.7273781236968562, 0.7517684078036511, 0.7127391742195384, 0.7130359255809339, 0.7128877921031427, 0.7136272040302278, 0.7193605236656578, 0.7135556954059132, 0.7161996862812827, 0.7126164247971717, 0.7128398791540791, 0.7141079883146915, 0.7121702715537719, 0.7125994160877874], "confusion_matrix": [[[20731, 7007], [3905, 8057]]]}