{"epochs": [1, 2, 3, 4, 5, 6, 7, 8, 9, 10, 11, 12, 13, 14, 15, 16, 17, 18, 19, 20, 21, 22, 23, 24, 25, 26, 27, 28, 29, 30, 31, 32, 33], "training_loss": [1.0562628018328155, 0.9364723095050821, 0.956669249889469, 0.8573506625050977, 0.8571939964299202, 0.8534598939243625, 0.9152033013517313, 0.8627507169329411, 0.8271882740842098, 0.8354704111772286, 0.7963352829434408, 0.7911662198978848, 0.7784739295387695, 0.7830353299013525, 0.7788717777095038, 0.7781697576386245, 0.7804685851461133, 0.7774301174501406, 0.7736605967303795, 0.7738754487378754, 0.7734933033268119, 0.7738817298484973, 0.7699472306568057, 0.7725853503048232, 0.7677617265162684, 0.768899626068001, 0.7686357931070895, 0.7675753319586832, 0.7695153561189447, 0.776655856207984, 0.7678542578676267, 0.7684450415181677, 0.7755143684119239], "training_accuracy": [0.7373587637302211, 0.7510354899221069, 0.7494874651927446, 0.7541338939964825, 0.7538039378613338, 0.7535552904716603, 0.7525427392125089, 0.753528485993072, 0.7539740742256213, 0.7540950582310353, 0.7499024273555925, 0.7492036512433149, 0.7537769104872218, 0.7518924550453306, 0.7514351808139028, 0.7452097391479504, 0.7433459238275877, 0.7394238304918261, 0.7389039790926412, 0.7376860856702331, 0.7354994460391816, 0.7338774148469445, 0.7344521099808642, 0.7345231350331296, 0.734700365101348, 0.7347559248418577, 0.7349984261882249, 0.7347017779078547, 0.7346521875983635, 0.7344633301857099, 0.7325590179414576, 0.7340941613896531, 0.7347340258105114], "validation_loss": [1.1352578580838992, 1.0084698925426105, 1.2059494879899504, 0.9251682150966635, 0.9282630480826628, 0.9607034934819861, 0.9724039857704763, 0.9287649461914467, 0.9221364778276873, 0.9112970834511601, 0.8797321135737677, 0.8801916251931101, 0.8782774382058676, 0.8901902416322595, 0.878878118457653, 0.8776044518676325, 0.8836836776703769, 0.9226342859877176, 0.8985689513011855, 0.8763732793015768, 0.8859925907124903, 0.882479080757347, 0.8886667894545454, 0.8906355244453564, 0.8787856781983012, 0.8759822753982184, 0.8953881945179443, 0.885946538622266, 0.8857433740810169, 0.8744239207318223, 0.8787316974880028, 0.8814533230555348, 0.8824319385721645], "validation_accuracy": [0.7502831969792328, 0.7517694768393783, 0.7517882329236348, 0.7517694768393726, 0.7518319860995697, 0.7518319860995697, 0.7518257365902871, 0.7518132366273728, 0.7517694768393726, 0.7518882175226591, 0.7518382352941176, 0.7520650750478423, 0.7519385699899298, 0.7518442984112607, 0.7518885979049147, 0.7304844883158743, 0.7519899244332487, 0.7258694064616842, 0.7520213596634828, 0.737319068596601, 0.721701913393757, 0.7188640769366393, 0.7248186946011281, 0.7228211586901768, 0.7247985901309164, 0.7203775959723074, 0.7243880326382592, 0.7238426275754378, 0.7250000000000009, 0.7154225848695424, 0.7186209328095097, 0.7210812443370582, 0.7194519995970535], "confusion_matrix": [[[22441, 5297], [5238, 6724]]]}