{"epochs": [1, 2, 3, 4, 5, 6, 7, 8, 9, 10, 11, 12, 13, 14, 15, 16, 17, 18, 19, 20, 21, 22, 23, 24, 25, 26, 27, 28, 29, 30, 31, 32, 33, 34, 35, 36, 37, 38, 39, 40, 41, 42, 43, 44, 45, 46, 47, 48, 49, 50, 51, 52, 53, 54, 55, 56, 57, 58], "training_loss": [2.071046361959461, 1.842668004722959, 1.876587062221463, 1.6858141757569547, 1.706895635402869, 1.6739432632934756, 1.9632529015952398, 1.8252234544049917, 1.7265730996972901, 1.7165797578320399, 1.6398546416555406, 1.6153071001602637, 1.5729420531325837, 1.5845420915746462, 1.5707524160512187, 1.5706795060462926, 1.5769857925989923, 1.5630895329843044, 1.5565348079273416, 1.555416735022518, 1.559001095891269, 1.5591221973720673, 1.5475451749867573, 1.556559924905147, 1.5391355088874312, 1.5433123430364797, 1.5414841366286993, 1.541753085281888, 1.5469681540871703, 1.5676230208833224, 1.540807561695407, 1.5429277058255886, 1.5666230064022642, 1.5412801782065004, 1.5785522720228737, 1.544494170437837, 1.564755744461294, 1.602920155199189, 1.5398560378454031, 1.536916985242985, 1.5515016971494386, 1.5434415468513378, 1.556142178561635, 1.5405748624132982, 1.5799259681648445, 1.5400926457001107, 1.5375681063492956, 1.5841567725430334, 1.5381771614927664, 1.5751608053185362, 1.5402709564642596, 1.5403664455746837, 1.539250154962039, 1.5526649416154885, 1.5535596936180218, 1.5501484807943038, 1.543491456901542, 1.54220324555682], "training_accuracy": [0.7310389324269103, 0.7439733857058695, 0.7436397420643631, 0.7526955160587454, 0.7497059770846741, 0.7514869008989036, 0.7321123428732659, 0.7451841359773371, 0.7501782672389461, 0.7502360717658183, 0.7499276073928589, 0.7503021718602458, 0.7526784590205183, 0.7488236090258588, 0.7507773896075315, 0.7513690955786081, 0.7503934529430986, 0.7522063521540484, 0.7525036973622098, 0.7512636515280368, 0.7440669537190912, 0.740512145838192, 0.7478377731896465, 0.7411709159585319, 0.7507805615006906, 0.7479180436219517, 0.7482813975448496, 0.7497615922803008, 0.7465848284545172, 0.7316273213723591, 0.7485867170286471, 0.7434460936746934, 0.7330217186024555, 0.740960025180983, 0.7302241303695598, 0.7303621019413298, 0.7285863564544311, 0.7254170601196055, 0.7283820062756994, 0.7328276469847661, 0.7328517772462099, 0.7313438394725044, 0.7288447133028295, 0.7291753226314134, 0.7280989732516706, 0.7265823183206024, 0.7266966289305705, 0.727766988661512, 0.7281944995247392, 0.7284198929807573, 0.7300692477179758, 0.728952255059341, 0.7281406782115021, 0.728071335045578, 0.7286504759027027, 0.7281019830029185, 0.728086243924235, 0.7278885657573841], "validation_loss": [2.2026796701196005, 2.2362470691146057, 2.050309880051108, 1.923569276743158, 2.0361382817756093, 1.8895614482606904, 2.034667885202541, 1.9466309383597193, 1.9924181456661232, 1.9261261455761656, 1.8721498943243635, 1.8800643642069335, 1.8338409853446267, 1.8616043551253634, 1.824477215028833, 1.8585470324815296, 1.8445515710011129, 1.881923425153198, 1.847769217806298, 1.8426142219331352, 1.843368471251854, 1.8469076624094845, 1.8403186655467703, 1.8760240322955921, 1.849253030858386, 1.8823769205777818, 1.8992549775785523, 1.8117370190839943, 1.8731590275111802, 1.8473053972269347, 1.84845716015268, 1.8634152459244766, 1.8564164582753393, 1.842561127481724, 1.8348206881697888, 1.8297315914536167, 1.8497689085834228, 1.8367110647607394, 1.8422395501125892, 1.840684264518734, 1.847484962813025, 1.8487631253605448, 1.850186275613609, 1.8450162545319664, 1.8453808487966803, 1.8427786024454402, 1.8430013294383734, 1.844023459807554, 1.8383696885507679, 1.846135235618401, 1.8272091926669258, 1.8314742170780947, 1.8335583418606876, 1.8437436331310055, 1.8435994085394165, 1.8469412286135927, 1.8392078851533886, 1.841087604730143], "validation_accuracy": [0.7368911264946517, 0.7344903151054166, 0.7517882329236348, 0.7486209415379984, 0.7518319860995697, 0.7497922489990196, 0.7499874087131776, 0.7418656190188255, 0.7480164227601341, 0.7475075528700937, 0.7463738920225624, 0.7464289311977268, 0.7500251762336383, 0.7338998413777496, 0.7484753864185809, 0.7489272763900081, 0.748136020151134, 0.749551761476671, 0.7487972595148771, 0.7494650723725603, 0.739778449144006, 0.7177437627451476, 0.7407937147461725, 0.7474559193954667, 0.7496475327291059, 0.7423159219634975, 0.7458698499042978, 0.7357563850687642, 0.7488922457200421, 0.7449682683590064, 0.7343356502467999, 0.7468790899023477, 0.7146771431449507, 0.741638964440412, 0.7116965545033251, 0.7117373020069984, 0.7150032177733038, 0.7061460957178668, 0.7125000170186822, 0.7309415911379672, 0.7149408929860825, 0.722112261086347, 0.7135897887767181, 0.7149081149534463, 0.7151219020753576, 0.7131277533039643, 0.7119207011152009, 0.7141820196829932, 0.7125373241716717, 0.7151492255383427, 0.7175955906690284, 0.7154940213971043, 0.7141993740331677, 0.7142245720040286, 0.7141490433031219, 0.7130730478589389, 0.7125683060109266, 0.7121967180106726], "confusion_matrix": [[[25112, 2626], [8188, 3774]]]}