{"epochs": [1, 2, 3, 4, 5, 6, 7, 8, 9, 10, 11, 12, 13, 14, 15, 16, 17, 18, 19, 20, 21, 22, 23], "training_loss": [0.09005468486260715, 0.02990779170981258, 0.025700248774345295, 0.01869057734771535, 0.009652516762382705, 0.008319561521673227, 0.007283773893267726, 0.007530354935850152, 0.006103847726663691, 0.0059040440360347375, 0.004236383197289083, 0.0038867379782548867, 0.0037413520635821325, 0.0039969230815526165, 0.0035008751236088047, 0.003491661942004761, 0.003463717393973439, 0.003341506773969933, 0.003401259424101952, 0.0032578000843329954, 0.003090207993208267, 0.0031410961485945836, 0.0029999582993816445], "training_accuracy": [0.9659502782067702, 0.9879893246605395, 0.9893220121473674, 0.9938292480396581, 0.9972426170623039, 0.9974990548204181, 0.997872090938545, 0.9976685675103587, 0.9982010134338204, 0.9982690663638764, 0.9986994328922534, 0.9988002572901522, 0.9988374291115342, 0.9988134898043305, 0.9989117884810802, 0.9988922495274136, 0.9988695652173948, 0.9989508506616288, 0.9989262759924431, 0.9989741703336309, 0.9990113421550126, 0.9990264650283595, 0.9990567107750506], "validation_loss": [0.18192062938442177, 0.11200013330048797, 0.09826066841639307, 0.19217714903546676, 0.2452867209157882, 0.27861684795982494, 0.27526788534135865, 0.23362657209900656, 0.28854043919880745, 0.37656549079610974, 0.3477209060205924, 0.353412500578235, 0.3324330472435763, 0.3402425685161391, 0.33202545380211257, 0.3489401086450188, 0.3570835530900874, 0.33532753881855787, 0.36546321860179126, 0.3378748855108221, 0.3513962815805846, 0.3336411195876926, 0.3331164298949204], "validation_accuracy": [0.9311309553925288, 0.953084745762712, 0.9738135593220338, 0.9637796610169491, 0.9417796610169491, 0.9588305084745764, 0.9624067796610171, 0.9613898305084747, 0.9508813559322034, 0.9615932203389831, 0.9572542372881353, 0.9574237288135594, 0.9614745762711864, 0.9599830508474577, 0.9632203389830508, 0.9615762711864406, 0.960677966101695, 0.9606101694915253, 0.9602033898305085, 0.962457627118644, 0.9608644067796609, 0.9617627118644066, 0.9609322033898304], "confusion_matrix": [[[27814, 61], [1484, 28842]]]}