{"epochs": [1, 2, 3, 4, 5, 6, 7, 8, 9, 10, 11, 12, 13, 14, 15, 16, 17, 18, 19, 20, 21, 22, 23, 24, 25, 26, 27, 28, 29, 30, 31, 32, 33, 34], "training_loss": [1.559336754857614, 1.3950360707854346, 1.3873040229643536, 1.2663700871783001, 1.292061940447646, 1.2904702746754146, 1.4463746978714107, 1.3124327035472008, 1.2508054072766388, 1.2514570467167017, 1.1734521938801659, 1.1664260155621062, 1.1413968500248448, 1.1486975933089782, 1.134614074491702, 1.133465978078809, 1.138663112703297, 1.129009578745939, 1.1220776148082297, 1.120372413901157, 1.1072492343315203, 1.1057596275915587, 1.0972823636212945, 1.101741131690592, 1.0922087283687059, 1.0934427392577306, 1.0921348030168678, 1.0902851369097963, 1.0946164958903652, 1.10585946999638, 1.0880959925604272, 1.088978168414151, 1.1034468354550704, 1.087368065145806], "training_accuracy": [0.7408082334057328, 0.7486850222205785, 0.7471236147920569, 0.7528340032124881, 0.7503268087000332, 0.7510897994769954, 0.7425113261272936, 0.7506830343090948, 0.7532400223677825, 0.7541957821844548, 0.7301077705595004, 0.730349386213407, 0.7365730832179278, 0.7316931531684537, 0.7446463978849994, 0.745631483533085, 0.7443216871262924, 0.7469802981041905, 0.7485342568608025, 0.7495672426273994, 0.7546520118849784, 0.7595256230289441, 0.7610660690905429, 0.761479383065846, 0.7630146040538848, 0.7641551002423552, 0.7645073969153292, 0.7662518529708862, 0.764431853950264, 0.7624677368586694, 0.7657034938621337, 0.7659457054971232, 0.7629241422725843, 0.7667138810198275], "validation_loss": [1.8526658782743672, 1.4817598580380724, 1.5130488028825682, 1.4612151340391393, 1.5311131578273773, 1.3960872531259085, 1.4667979663292428, 1.4087295453094753, 1.5227703638626837, 1.3628805153899008, 1.3299689974302025, 1.3233523743649116, 1.335693810645, 1.309015968198494, 1.3278737753262249, 1.346681010667466, 1.3181530328183977, 1.3681362700397566, 1.329044042893446, 1.3451093697208263, 1.301687853015606, 1.3029226834795302, 1.320008423806957, 1.3189467540620865, 1.3074258477823764, 1.2854244855414068, 1.3145864403566105, 1.3130481538665326, 1.2833741074150622, 1.289073098704218, 1.303536289101304, 1.296780763443437, 1.305744190359121, 1.3022938922192306], "validation_accuracy": [0.751919446192575, 0.7516435354273232, 0.7517882329236348, 0.7517694768393726, 0.7512779834302842, 0.7513283473093102, 0.7518257365902871, 0.7517880527853258, 0.7517694768393726, 0.7518882175226591, 0.7518382352941176, 0.7140878412410538, 0.7135196374622357, 0.7033260316740956, 0.7242898871877516, 0.7081234891216761, 0.7163727959697732, 0.7442774042456749, 0.7431802725372147, 0.7545374449339218, 0.7383937562940569, 0.7348757584149476, 0.7735193392425463, 0.7630730478589399, 0.7577794561933539, 0.7420264317180615, 0.7493452201067793, 0.73744395748325, 0.7431772406847951, 0.7406567946005796, 0.7372317920821997, 0.7332125239101999, 0.7322705751989477, 0.731666162989826], "confusion_matrix": [[[24702, 3036], [6940, 5022]]]}