{"epochs": [1, 2, 3, 4, 5, 6, 7, 8, 9, 10, 11, 12, 13, 14, 15, 16, 17, 18, 19, 20, 21, 22, 23], "training_loss": [0.7280558098101831, 0.6658550939580827, 0.6862421670699348, 0.6029688920250896, 0.5942941454750513, 0.595326547469031, 0.6388957268746048, 0.599800804750862, 0.5775849243544222, 0.6354216327692002, 0.542474315727205, 0.5382121031809461, 0.5318016362317065, 0.5335919746232031, 0.5311195703385794, 0.5310682742716215, 0.5308656972282744, 0.5280682274159227, 0.5257583890785726, 0.5260235199232437, 0.5207150330003574, 0.5198249677062656, 0.5178752165283605], "training_accuracy": [0.7067258364019938, 0.7067505130239063, 0.7067729087845536, 0.7067746097092816, 0.7067663039772992, 0.706776270855787, 0.7067741328525715, 0.7067736858671717, 0.7067812542949402, 0.7067736858671755, 0.7067658760134965, 0.7067736858671664, 0.7067701120483448, 0.7067788447919152, 0.7067777672866864, 0.7067334323698258, 0.7067736858672656, 0.7067712874165423, 0.7067746097092792, 0.7067824882762214, 0.7067753185274699, 0.7067939897142771, 0.7067774952160338], "validation_loss": [0.7515096187493087, 0.6402870027332752, 0.7056683118509953, 0.616817175791506, 0.6300437895757521, 0.6624210201919537, 0.6556150323214031, 0.7097329941116136, 0.6150794153987049, 0.6262650970462385, 0.5801561672741892, 0.5915215732883959, 0.5757248641923238, 0.5755655186933655, 0.5791780128988026, 0.5770780457233308, 0.5739999426584751, 0.575424987074864, 0.5741644982815269, 0.5757677743377325, 0.5648319466977874, 0.5792692975891998, 0.5641211658477355], "validation_accuracy": [0.7073127753303979, 0.7071358404070469, 0.7071579689703804, 0.7071358404070408, 0.7072095892825674, 0.7072095892825674, 0.707202216066489, 0.7071874685201903, 0.7071358404070408, 0.7072759315206455, 0.7072169621273167, 0.7071874685201903, 0.7072759315206448, 0.7072538207820331, 0.7072169621273162, 0.7072169621273167, 0.7071284634760706, 0.7072095892825674, 0.7071358404070408, 0.7073127753303979, 0.7072759315206449, 0.7072833010246478, 0.7072169621273167], "confusion_matrix": [[[24271, 3467], [6687, 5275]]]}