{"epochs": [1, 2, 3, 4, 5, 6, 7, 8, 9, 10, 11, 12, 13, 14, 15, 16, 17, 18, 19, 20, 21, 22, 23, 24, 25, 26, 27, 28, 29, 30, 31, 32, 33, 34, 35, 36, 37, 38, 39, 40, 41, 42, 43, 44, 45], "training_loss": [1.2398953806969215, 1.1750844766696293, 1.1329278500378592, 1.1244208882820401, 1.0496897104368266, 1.0544167028987033, 1.2169017104701432, 1.0622051898024913, 0.9758660214611159, 0.9773351595664047, 0.9384926551788897, 0.9312336254727739, 0.9154907326156211, 0.9196655087364838, 0.9147869383127948, 0.9151699889399864, 0.9179903643547569, 0.9135107214098523, 0.9105059184447231, 0.9099479197608817, 0.9081872511874028, 0.9089675451327777, 0.9036360313788151, 0.9074492364486303, 0.9002599807885977, 0.9015435991038517, 0.9013095984681807, 0.9002817544386081, 0.9030684637758842, 0.9114831874458378, 0.8996900520176118, 0.9007862260511766, 0.9102886928947215, 0.9002041405996587, 0.9157627516538227, 0.9015896476129868, 0.9092299730385865, 0.926204781098714, 0.8994134346905026, 0.8988231366187668, 0.904186674991528, 0.9017418756338081, 0.9063767103317316, 0.8999211317689155, 0.9163957188863865], "training_accuracy": [0.7358763730211256, 0.7482645314801878, 0.7483920990949545, 0.747665564714597, 0.7524090994454183, 0.7510947829162447, 0.7413442646112318, 0.7475322631413266, 0.7523903896909682, 0.7505917532263158, 0.74723019590069, 0.7507648725212445, 0.7515925972554443, 0.7528241252215008, 0.753109558430114, 0.7526972756571659, 0.7517311929493897, 0.7511406830145475, 0.7499857491123435, 0.7496616624177836, 0.7410673817797265, 0.7384789218247415, 0.7376057508308994, 0.7353698457665248, 0.7354463049225715, 0.7355175778176551, 0.7362228517469296, 0.7362943100024136, 0.7357790368271989, 0.7329084041548583, 0.7341926345609074, 0.7336640186661963, 0.7325779036827161, 0.7334592382751017, 0.7323262050600867, 0.7332905282131854, 0.7326874775744129, 0.7312086874409847, 0.7331517343177961, 0.7339103613244338, 0.7334267069537093, 0.7334510474141128, 0.7329709620360002, 0.7332829713566266, 0.73266772006472], "validation_loss": [1.513634053148362, 1.285777247269346, 1.422910671348832, 1.2879313405374029, 1.075791077653439, 1.456204078540462, 1.3570764154659511, 1.1306723881233611, 1.076350184101236, 1.081711871182304, 1.2601431185974905, 1.0441042178335045, 1.0660698825087467, 1.0412148750139978, 1.0452788438951632, 1.159471136949432, 1.0410912827471983, 1.0495679903038475, 1.0624507289237273, 1.0377587350778228, 1.0430823842514962, 1.0398420355556472, 1.0358413285894987, 1.0539246954213746, 1.0423399303233016, 1.0469564044869881, 1.0466158287321046, 1.0514843875486763, 1.0533852758830344, 1.0478345827137485, 1.0486356469237685, 1.0518555029119312, 1.0428962140878242, 1.0517078031319176, 1.0437858842436911, 1.0429351272788359, 1.0451442476281154, 1.0400585746534154, 1.0478306537716373, 1.0451294615886033, 1.0453602582692445, 1.0458010482932347, 1.0461670040664703, 1.0456361283517515, 1.0451433821602532], "validation_accuracy": [0.740088105726873, 0.7426216324166037, 0.7262089462018937, 0.7475630336767322, 0.7518319860995697, 0.7211352018332455, 0.7477461596575234, 0.74443437090761, 0.7495780962696168, 0.7476334340382711, 0.7396504834810637, 0.7458698499042861, 0.7504279959718042, 0.7465065337261153, 0.7505791700241761, 0.7507050765511684, 0.7486901763224199, 0.7411800256855797, 0.7404851263192376, 0.7496790434235352, 0.7334088620342366, 0.7327610080310228, 0.7329270749395649, 0.7162216624685123, 0.721953675730112, 0.7222655758338584, 0.7220459353278933, 0.7204171074505068, 0.7239929506545826, 0.718192807494705, 0.718066888284477, 0.7171046008255322, 0.7157247909741045, 0.7187216681776973, 0.7142353415273014, 0.7162750875072408, 0.7167939785668291, 0.7127959697732843, 0.7193844138834327, 0.7167673716012097, 0.716687236579187, 0.7166024527209096, 0.7167745021525211, 0.7169587992344115, 0.7154946604876079], "confusion_matrix": [[[22159, 5579], [5032, 6930]]]}