{"epochs": [1, 2, 3, 4, 5, 6, 7, 8, 9, 10, 11, 12, 13, 14, 15, 16, 17, 18], "training_loss": [0.383874311434023, 0.17390407190757728, 0.14754895969007, 0.13551367671703393, 0.12775035059583262, 0.12352310498274348, 0.11950111257954964, 0.11646372475807772, 0.11321631711234087, 0.1107521928003374, 0.10558077803104178, 0.10313362696167058, 0.10281407266105495, 0.10253539538514689, 0.1017557958480697, 0.10124894041778906, 0.10073922450343768, 0.10075343238576404], "training_accuracy": [0.8182070268784477, 0.937009087101355, 0.947948828199138, 0.9525956518040046, 0.955360185603308, 0.9574131342482607, 0.9584049764723589, 0.9600832008062888, 0.9609343811150595, 0.9616939017925517, 0.9629917506004623, 0.9636273535821579, 0.9638545343883137, 0.9637308719297913, 0.9639852060550135, 0.9640908939194631, 0.964092890005825, 0.9641785613780198], "validation_loss": [0.17218293872876808, 0.10422225473209834, 0.14074572776623356, 0.12696111312088293, 0.09491128321044529, 0.10683903676153232, 0.10575192196157356, 0.08795555606663513, 0.10255389140048721, 0.10300611413922758, 0.11438282318144607, 0.1170085361540819, 0.1188191806924386, 0.1275867231508108, 0.12773468013172254, 0.12026335911016361, 0.12043018230365422, 0.13175239420319812], "validation_accuracy": [0.9503333333333333, 0.9714615384615383, 0.969794871794872, 0.9754615384615385, 0.9805897435897435, 0.9780256410256408, 0.9758205128205127, 0.9783846153846153, 0.9794871794871796, 0.9783333333333332, 0.9784594572960859, 0.9779199551748977, 0.9787619466901462, 0.9764542543824544, 0.9772255663171373, 0.977869713706342, 0.9781763654313078, 0.9766891859441288], "confusion_matrix": [[[16564, 333], [476, 22588]]]}