{"epochs": [1, 2, 3, 4, 5, 6, 7, 8, 9, 10, 11, 12, 13, 14, 15, 16, 17, 18, 19, 20, 21, 22, 23, 24, 25, 26, 27, 28, 29, 30, 31, 32, 33, 34, 35, 36, 37, 38, 39, 40, 41, 42, 43, 44, 45, 46, 47, 48, 49, 50, 51, 52, 53, 54, 55, 56, 57, 58, 59, 60], "training_loss": [0.8885556406571913, 0.790568683667747, 0.8037553617009006, 0.761076017206007, 0.7273242471973912, 0.712208286474444, 0.7655691350993709, 0.7285332847350717, 0.6958327735624006, 0.7180852456262812, 0.6679947722192743, 0.6640863676200338, 0.6549475023394701, 0.6584595719985066, 0.6549502394666896, 0.6549929078806802, 0.6567492611978296, 0.6536415151685421, 0.6517135723566334, 0.6512761286657454, 0.6499269328755921, 0.6497238707676501, 0.6470348952877064, 0.648783816577533, 0.6453256794394195, 0.6458831648025305, 0.645885149166199, 0.6451905365661564, 0.6468171505769319, 0.6510918072811605, 0.6448417169598615, 0.6452696944359035, 0.6500352865073398, 0.6444610443128742, 0.6531180725194695, 0.6459546903989201, 0.6497767408776192, 0.6586245016877762, 0.6445620887825587, 0.6440964794445591, 0.6464710438456356, 0.6453931931650153, 0.6475478216244707, 0.6447153958028167, 0.6530879610076724, 0.6449518183414094, 0.6440263376585528, 0.6543454160816498, 0.6444939637427238, 0.6521046718777745, 0.6448900648352107, 0.6449459789624086, 0.644270817371037, 0.6473352448489392, 0.6477724171838366, 0.6469558839201646, 0.645459286585786, 0.6453306442215624, 0.6458207824623565, 0.6509504724548891], "training_accuracy": [0.7388002391968099, 0.7525965932696641, 0.7490567680824557, 0.7477890141218482, 0.7530391110804355, 0.7541456968790007, 0.7522979255891221, 0.7532672332389011, 0.7536278563412661, 0.7520711362921008, 0.7509568414161253, 0.7514447592067957, 0.753499937051491, 0.752325241022437, 0.7516255940578451, 0.7519765333870481, 0.7477211205540557, 0.7473252045571678, 0.7444590275613949, 0.7451924590060864, 0.7335322556277375, 0.7318788122950298, 0.7321639893242018, 0.7321089077747124, 0.7337183683746729, 0.7332389135429569, 0.7341422725842013, 0.7341006442516091, 0.7326754800125939, 0.7294711992445703, 0.730220333648094, 0.7319696759872288, 0.7290336795719193, 0.7309568775574469, 0.7285396377737653, 0.7292269269386816, 0.7288066776197416, 0.7265439093484388, 0.7279398110992471, 0.7320911494397558, 0.7327080448193359, 0.7321401406065265, 0.7316396094699211, 0.7315801070192, 0.7309008651713503, 0.7302017436188083, 0.7306811064635913, 0.7298606367922358, 0.7292385071037861, 0.7295498898331334, 0.7285048788164952, 0.7287287948887515, 0.7288891406845088, 0.7293020093669762, 0.7291949942085892, 0.7291186654077025, 0.7290897512163178, 0.7291359796554009, 0.7293748563983627, 0.7294083024616459], "validation_loss": [0.9590516395965337, 0.8516275019592751, 0.9675339182080374, 0.8197724158959836, 0.8304029453493463, 0.7535972203228734, 0.7671196888272179, 0.7811789551077192, 0.8052457457796505, 0.7637845135842214, 0.7327510208422134, 0.7281637623939804, 0.7342504367566094, 0.7468184850699877, 0.7281274771822074, 0.7274591420800313, 0.7448467981397772, 0.729515115412174, 0.7580815986702221, 0.7501273871740888, 0.7266069822145445, 0.7321510439796249, 0.7282022436792095, 0.7292430515153958, 0.7337935794665279, 0.7312348868652111, 0.7312428978548466, 0.725333383966786, 0.7243467387016578, 0.7264177356225997, 0.7252554944985796, 0.725619457052593, 0.7246135616398981, 0.7284717892191279, 0.7256075793820285, 0.7270634783107668, 0.7275177878507652, 0.7274320471842299, 0.7299098828695404, 0.7260341014069306, 0.7279310228713464, 0.727230099868778, 0.7282032175072916, 0.7267153184085036, 0.728153222909752, 0.7260127883204741, 0.7269027630937976, 0.7280231155570035, 0.7269189584073131, 0.7280042126191909, 0.7253693672214109, 0.7261668720619168, 0.7263335271778852, 0.7275661534805792, 0.7274361719188823, 0.728468303976092, 0.7266476706066098, 0.7266574936775909, 0.7268083308835891, 0.7282863060229219], "validation_accuracy": [0.7456765261170556, 0.7517694768393783, 0.7252518637920597, 0.7517694768393726, 0.7518319860995697, 0.7518319860995697, 0.7518257365902871, 0.7440817971189527, 0.7517694768393726, 0.7518882175226591, 0.749219379532635, 0.7451193714112863, 0.750654582074523, 0.7492005942039962, 0.7505791700241758, 0.7499496373892023, 0.724408060453397, 0.7507995265795389, 0.7507619455429335, 0.7113278791692886, 0.7120594159113788, 0.7111099921955718, 0.7293009669621273, 0.7126952141057922, 0.7298338368580065, 0.7241535556954058, 0.7210637654880626, 0.7241196917031897, 0.7266112789526709, 0.7108391256169977, 0.7135841644001213, 0.714260545655895, 0.7114435378261246, 0.7178150498640073, 0.7121096111223046, 0.7136813477374031, 0.711382523293877, 0.7134760705289501, 0.7126089365775031, 0.7151560926485406, 0.7148758248954763, 0.7142101684671756, 0.7140051861735681, 0.7149440918706564, 0.7124722949828726, 0.7125235997482685, 0.7143216966399686, 0.7120548083219902, 0.7125157391085338, 0.7118247072157106, 0.7111413317215676, 0.711088735053492, 0.7114832535885138, 0.711505538771399, 0.7114551863041282, 0.7116120906800993, 0.7110624260280528, 0.7116933454142763, 0.7114401551207479, 0.7117999597099128], "confusion_matrix": [[[21957, 5781], [4901, 7061]]]}