{"epochs": [1, 2, 3, 4, 5, 6, 7, 8, 9, 10, 11, 12, 13, 14, 15, 16, 17, 18, 19, 20, 21, 22, 23, 24, 25, 26, 27, 28, 29], "training_loss": [0.3653621015035049, 0.28281495570284165, 0.26590866707016786, 0.2548560361218975, 0.24691402470360949, 0.24147254754181016, 0.2368007937394743, 0.2329060402197197, 0.22921011664392382, 0.2262692598499947, 0.21553826819327584, 0.21331514010438474, 0.21218370198067082, 0.211191509256372, 0.21071315227916287, 0.20956319836176954, 0.20942295765285837, 0.20861472408185128, 0.20832877406571682, 0.20770922513435408, 0.20561329097095504, 0.2056252957810892, 0.205513344152526, 0.20534245247949975, 0.20504032426271357, 0.20496872080236075, 0.20478973492937388, 0.20493146991650188, 0.2047362616081483], "training_accuracy": [0.8253944760829653, 0.8761089536737331, 0.8840707834328096, 0.8891165164980466, 0.8926838255352431, 0.8950527483188472, 0.8972902858775345, 0.898706936589922, 0.900277235442504, 0.9012915734622609, 0.9059742195381544, 0.9075362343999381, 0.9078126881654285, 0.9084042549814543, 0.9084932203406635, 0.9088993987634022, 0.9091997234371161, 0.9098169129908164, 0.9097618543600801, 0.9100102897660819, 0.9110898244103434, 0.9108746519404521, 0.911106958810184, 0.9113233166912839, 0.9114688990753785, 0.9112534419084034, 0.9115006532161339, 0.9113256349389784, 0.9114796421744483], "validation_loss": [0.31312302925503094, 0.3237467797487292, 0.3143455288763947, 0.30168620899376525, 0.2991529146763887, 0.2890320920335655, 0.3078517938274464, 0.29522818359297537, 0.2873577640057748, 0.2973111435017399, 0.3002432744064944, 0.31257548361291526, 0.3049281622738158, 0.3049508478858629, 0.30625145390224534, 0.3076348760883317, 0.3041855552489692, 0.29928592906976903, 0.3212288783415299, 0.31172174794371915, 0.31835638130801724, 0.3233150101981289, 0.3241436159583022, 0.3240645908028996, 0.3269680173541526, 0.329015145663044, 0.32902455278174625, 0.3292776799942047, 0.33046903637884795], "validation_accuracy": [0.8500223844436858, 0.8519246967614843, 0.8538312349572247, 0.8528797134028647, 0.8632089982604, 0.8625282585728923, 0.8492936111397955, 0.8661040106123545, 0.8728317433335185, 0.8556790080307561, 0.855873763811551, 0.85196102977973, 0.8556105043251699, 0.8565625342558242, 0.855689318537465, 0.8561937549149657, 0.8579002708692433, 0.8599918739226787, 0.8549311150121932, 0.8562627669968467, 0.855275246046183, 0.8540908007720963, 0.8543210475729004, 0.8546120532841904, 0.8541088560739053, 0.8540691391759534, 0.8542727677117506, 0.8544040876631371, 0.8541595030621726], "confusion_matrix": [[[62973, 3829], [14999, 49160]]]}