{"epochs": [1, 2, 3, 4, 5, 6, 7, 8, 9, 10, 11, 12, 13, 14], "training_loss": [0.3564281400634554, 0.2691540829990207, 0.25749768365668857, 0.24349806623892647, 0.2359154518545897, 0.22948583330648217, 0.22484294898940502, 0.22107437697383187, 0.21777793495991, 0.21531803912079286, 0.20555025604126717, 0.20357297903128102, 0.20261780836106, 0.20227831171980962], "training_accuracy": [0.8354285051338735, 0.8808848981695137, 0.8862547904528305, 0.8929909351151827, 0.8968635099951459, 0.9003828105982837, 0.9028592038901555, 0.9045372823281705, 0.9059540748564753, 0.9072561983000483, 0.9118915359769728, 0.9128172759508645, 0.9132728718232694, 0.9134242388870453], "validation_loss": [0.40712876757095146, 0.3890720469004649, 0.3869691156586479, 0.3398284240917477, 0.3508717083752125, 0.36976746656464354, 0.40522677037634014, 0.41518525846705806, 0.3547468850156492, 0.4270253780618637, 0.43494684767010966, 0.4277557491787065, 0.45911499344083995, 0.45911263051291845], "validation_accuracy": [0.805583938434094, 0.8047478816708783, 0.8142520382842963, 0.8236645893128723, 0.8263169203325289, 0.827163234268333, 0.8276042926896205, 0.8176716904323562, 0.8268359195435159, 0.8175298853072005, 0.8178775199826186, 0.8221616105018812, 0.8196005648877653, 0.8228133697727872], "confusion_matrix": [[[29079, 9653], [2397, 49832]]]}