{"epochs": [1, 2, 3, 4, 5, 6, 7, 8, 9, 10, 11, 12, 13, 14, 15, 16, 17, 18], "training_loss": [0.2602054965246487, 0.10475785922632233, 0.08691989923467973, 0.07838292098764715, 0.07314255336920421, 0.06996473228353976, 0.07152634873154323, 0.0661947057018139, 0.06630956626853528, 0.06330422515719394, 0.0588880439697228, 0.057802448318338355, 0.057564632370700974, 0.057314218729979105, 0.05715503448800892, 0.05672952931600643, 0.05662853372924042, 0.056433536724014625], "training_accuracy": [0.888198329258144, 0.9643504388730267, 0.9714399751217014, 0.9745419812763461, 0.9761461172936651, 0.9770148876802868, 0.97649141134799, 0.978402408205738, 0.9783334426884965, 0.9794269721093078, 0.9804125936140003, 0.9807344993327625, 0.980804773694616, 0.9808586943335239, 0.9809609670413814, 0.9809623425242926, 0.9810875370995935, 0.9811547939424073], "validation_loss": [0.513487384418327, 0.4523123414594064, 0.3591475910740067, 0.5218983160364595, 1.1816595855940852, 1.5234790493804247, 0.8505024065345553, 1.7726119092010455, 1.25837328179323, 2.427476974287199, 2.3934710905247583, 2.5045128967360526, 2.1192822414352976, 2.1574250991537802, 2.440887999682394, 2.412904271232559, 1.9483639164785653, 1.9237442301913115], "validation_accuracy": [0.8427058823529412, 0.8392058823529412, 0.8815933073880308, 0.9111244417506699, 0.8315954446854662, 0.810235294117647, 0.852438145974225, 0.8096176470588234, 0.8498529411764706, 0.7957794117647059, 0.7799117647058822, 0.7765147058823528, 0.7837647058823529, 0.7874705882352939, 0.7728970588235293, 0.7677647058823529, 0.7939264705882351, 0.7839558823529411], "confusion_matrix": [[[29485, 4793], [3033, 30150]]]}