{"epochs": [1, 2, 3, 4, 5, 6, 7, 8, 9, 10, 11, 12, 13, 14, 15, 16, 17, 18, 19, 20, 21], "training_loss": [0.05898369427937895, 0.05644864680113897, 0.055004597310479374, 0.053680095103683004, 0.05292131572092307, 0.052361611149231935, 0.051295139751052064, 0.051120203604614584, 0.05008516888826192, 0.04944351743069144, 0.04855712918800001, 0.04822650689400366, 0.048199673959032116, 0.04822727693823152, 0.04807300397994623, 0.04825104021604873, 0.0480065416321318, 0.0476810913732399, 0.047957756065980905, 0.047934451192314285, 0.04780113787990566], "training_accuracy": [0.980924951070218, 0.9818564983798962, 0.9822924308077945, 0.9826139417950928, 0.982793501471607, 0.9830573688696709, 0.9834267478846598, 0.9834442928124472, 0.9836576994241288, 0.9838447210779706, 0.9842019084842322, 0.9842701191243427, 0.9843179544826824, 0.984291774450785, 0.9842566845952128, 0.9842203518192383, 0.984338953452113, 0.9842876313827749, 0.9843168838188701, 0.9843757005348881, 0.9843539427454742], "validation_loss": [0.1755495452344937, 0.22480347912189544, 0.24332915780011416, 0.2976112521997995, 0.3048646155018964, 0.48257605386663344, 1.158321499138182, 0.6539650411569657, 1.2691614093139378, 1.4957891757424842, 1.5873730418608951, 1.5506865696417462, 1.5289738194198466, 1.7676690879949566, 1.9098154534388643, 1.7644969955182341, 1.7717543895787005, 1.943209433873466, 1.7749535546880806, 1.9940324542255494, 1.9630129966620977], "validation_accuracy": [0.9496765270610824, 0.9220588323532936, 0.9053534141365654, 0.8888264880595226, 0.86376260050402, 0.8239487429497182, 0.7676257950318013, 0.8000385515420618, 0.763305022200888, 0.7576842523700945, 0.7546223298931957, 0.7551415606624263, 0.7595069452778112, 0.7522857914316573, 0.750228099123965, 0.7537173286931478, 0.7514811742469699, 0.746107329293172, 0.7546650216008642, 0.7464384825393017, 0.7489288671546863], "confusion_matrix": [[[36763, 2283], [2940, 61655]]]}