{"epochs": [1, 2, 3, 4, 5, 6, 7, 8, 9, 10, 11, 12, 13, 14, 15, 16, 17, 18, 19, 20, 21, 22, 23, 24], "training_loss": [0.3523520777045294, 0.16993414296573678, 0.13941268858954656, 0.12397433524994655, 0.11563529448886943, 0.15473637978957835, 0.14121116502860256, 0.11746944746998854, 0.10890227619038764, 0.1036859188272163, 0.09694116231227337, 0.09624526582571656, 0.09502593715956738, 0.0944506571259956, 0.09389835677304587, 0.09359335208441628, 0.0934319254768969, 0.09269127518285153, 0.09196367007571944, 0.0912477616004126, 0.09065578828110944, 0.09018390534748864, 0.09032101721264595, 0.09071224434084671], "training_accuracy": [0.8461607004573719, 0.9412156214456846, 0.9531981795852185, 0.9585370405101277, 0.9609415821697356, 0.9448564116835658, 0.9527276032717846, 0.9605863411417377, 0.9635335436681755, 0.9648654109091792, 0.9666740223362306, 0.966964012172398, 0.9671559906105568, 0.9674404024393193, 0.9674417001427781, 0.9675170455920438, 0.9677560075502756, 0.9676808556977966, 0.9680762045350053, 0.9682091420032427, 0.9682280751639533, 0.968373070082037, 0.9683309990804161, 0.9683484409408818], "validation_loss": [0.18934254928730254, 0.1582890511869431, 0.15867846604804833, 0.13024846074539562, 0.17144100374926619, 0.4056309075527933, 0.39752257898582555, 0.3830459580586162, 0.4120867276753077, 0.31407866889893804, 0.3054616278774585, 0.294229307962459, 0.31888165098500265, 0.3192591373875096, 0.3338529057041448, 0.28638481888396367, 0.30217416679142634, 0.2809646577777955, 0.30739571705857255, 0.27977430472018633, 0.30385640897733285, 0.30797178872559694, 0.30586218122023767, 0.2926235220296126], "validation_accuracy": [0.9240170123175955, 0.9556755801853688, 0.9577892456985215, 0.9692754640272973, 0.9564941315974154, 0.8588444691818115, 0.8958345957457106, 0.9335882922343487, 0.93402867652397, 0.9499712508772354, 0.9470607651912978, 0.9491085593979139, 0.9474938654018343, 0.9456776855504195, 0.9450070420831013, 0.9477018851487062, 0.9490145923577669, 0.9475551387846961, 0.9439909977494373, 0.9483392299687827, 0.946755003266946, 0.9462879994192098, 0.9454256467342644, 0.9467977397575201], "confusion_matrix": [[[16601, 693], [771, 24896]]]}