{"epochs": [1, 2, 3, 4, 5, 6, 7, 8, 9, 10, 11, 12, 13, 14, 15, 16, 17, 18, 19, 20, 21, 22, 23, 24, 25, 26, 27, 28, 29, 30, 31, 32, 33], "training_loss": [0.39335401652363194, 0.28630059575182154, 0.26886499341730064, 0.25907213539355184, 0.252297395928425, 0.24629655297058237, 0.24224079562474501, 0.23935402827934762, 0.23662244371059188, 0.23315774913403264, 0.21987886772296156, 0.2167164202305546, 0.21544559453501436, 0.2142873736711456, 0.21300706724889898, 0.21133501562911755, 0.20999626284142023, 0.20882015666688403, 0.20780989165749836, 0.2068335271188764, 0.20433904169485773, 0.20469161819521686, 0.20396689224506404, 0.20333599679164205, 0.20382027244968995, 0.20397411139542873, 0.20377458909332563, 0.20369036052254597, 0.20320881926674947, 0.20333791153601416, 0.20317965763161736, 0.20264424109433854, 0.20296979876534796], "training_accuracy": [0.8029587005736887, 0.8702795009579722, 0.8789936142578415, 0.8833729312810532, 0.8870756911778044, 0.8896803178865325, 0.8914716039089143, 0.8930056230858346, 0.894251835244349, 0.8960901991550582, 0.90260028930607, 0.9046078053552244, 0.9051876222082882, 0.905903823238805, 0.9069278255760126, 0.9080844447654095, 0.908707614855275, 0.909391447307231, 0.9100683305048306, 0.9104376290470282, 0.9117188982296959, 0.9113996461362195, 0.9116740667307871, 0.912200581894735, 0.9119755402878379, 0.9119370332559732, 0.9118737130858483, 0.9119048474085537, 0.912240043067649, 0.9120685438735285, 0.9123579692114443, 0.9127108547768864, 0.912447690201781], "validation_loss": [0.36114951655647515, 0.34779682774609744, 0.328458505462642, 0.34413129226817607, 0.32969844229487305, 0.32667113036672996, 0.30563358774544847, 0.30738386391342415, 0.31331847228950394, 0.31703578092165735, 0.2966812868577663, 0.3066679600167968, 0.29575365774495765, 0.296974141587702, 0.3358857677370197, 0.31532642298801783, 0.3136941666343773, 0.3164775172041673, 0.3157701040435606, 0.31457645016096153, 0.31433683167643584, 0.31413738919138146, 0.3164424392047819, 0.3114149878544548, 0.3189216880297046, 0.31859384591685525, 0.31805833954144797, 0.31899560846940694, 0.3177787704455915, 0.31533121391543845, 0.3143711363663897, 0.3163878506042608, 0.31529279258652193], "validation_accuracy": [0.8262548193089825, 0.838907044215947, 0.845428958182684, 0.8519681123123863, 0.8510969241080092, 0.8505450713416461, 0.8614400606712638, 0.8614998500855394, 0.8662505247006119, 0.8608586306636797, 0.8715806892537787, 0.8641234060565444, 0.8709132612568125, 0.8693824582444134, 0.8554685796927637, 0.8566142436374539, 0.8596882308329954, 0.8571539886065008, 0.8548044674509249, 0.8531318806328155, 0.8559108538069458, 0.8557671299317446, 0.8552569357484255, 0.8563762676590415, 0.8543522196158665, 0.8533952803400411, 0.8557925536605584, 0.8537515564648408, 0.8545061376743859, 0.8555217111412899, 0.8549200162260361, 0.8545725585989173, 0.8546488297853583], "confusion_matrix": [[[51325, 6505], [8442, 52689]]]}