{"epochs": [1, 2, 3, 4, 5, 6, 7, 8, 9, 10, 11, 12, 13, 14, 15, 16, 17, 18, 19, 20, 21, 22, 23, 24, 25, 26, 27, 28, 29, 30], "training_loss": [0.6882221498423152, 0.4218446200368581, 0.2992930777232956, 0.2821004427831482, 0.256670210648466, 0.2481919136174299, 0.24124023838451616, 0.23621784353421793, 0.23267940634654627, 0.22860075878324332, 0.21847883082098432, 0.2163360958436021, 0.21534673069362287, 0.21490311778529927, 0.21408112569263688, 0.21368296638958983, 0.21286821946225784, 0.2125781659864717, 0.21206361176791014, 0.21146788087983925, 0.21000561514110477, 0.21001382972355243, 0.21018646213191527, 0.2095701673378547, 0.20963468868975285, 0.21011977206777643, 0.20950025200015968, 0.2095333094260207, 0.20962003767490386, 0.2098469124486049], "training_accuracy": [0.518225156770526, 0.7750996913580241, 0.8671003919263183, 0.8750775132275125, 0.8888050215559459, 0.8926758769351346, 0.8963622036057199, 0.8990932980599629, 0.9013388300999403, 0.9029332206545161, 0.9076342543601793, 0.9088363756613742, 0.9092211836174777, 0.9093633891828317, 0.9098963452870857, 0.9100093621399148, 0.9103741230648638, 0.9104868165784816, 0.9108796786204177, 0.9111955173427383, 0.9117252204585521, 0.9117800558494997, 0.9115860425240041, 0.9118998873211821, 0.9118164462081124, 0.9117763080540838, 0.9118509651185578, 0.9119479717813045, 0.9120583186360957, 0.9118219919655093], "validation_loss": [0.6911239766362888, 0.4468837742930028, 0.38642621742311256, 0.34775593454442194, 0.3408625149619835, 0.2957971840380142, 0.31378594461225545, 0.31299941906090406, 0.2926624424047742, 0.28659291470200937, 0.2934485431139378, 0.2879653991477602, 0.2941475820314111, 0.30220334778136726, 0.29489533783722, 0.29245828084539927, 0.29949480786471305, 0.3034075370754303, 0.29958713950099314, 0.30104097043105, 0.29991504367451366, 0.2990077080147744, 0.29875531397436733, 0.301116339546114, 0.3017367249808219, 0.30201510025784306, 0.300560914158974, 0.3011810392342897, 0.3017233549217596, 0.3015025382515724], "validation_accuracy": [0.5012446892521522, 0.8154861802100605, 0.8181535181236673, 0.8441237463476271, 0.8568159598831235, 0.8742778962331199, 0.8714132512042956, 0.8718423754244644, 0.8796609413251201, 0.8823067203664217, 0.878088999447208, 0.880855839848377, 0.8802443338861249, 0.8768212114033009, 0.8783417831477528, 0.8828141040827605, 0.8789243070362468, 0.8801302219063409, 0.8786794203585243, 0.8818334517886754, 0.8803132354102501, 0.8821481876332619, 0.8811718787017291, 0.880424741372502, 0.8792904130142934, 0.8812008607754872, 0.8811108742004264, 0.8811253652373053, 0.8812012951117426, 0.881282515991471], "confusion_matrix": [[[59373, 10997], [5884, 58691]]]}