{"epochs": [1, 2, 3, 4, 5, 6, 7, 8, 9, 10, 11, 12, 13, 14, 15, 16, 17, 18], "training_loss": [0.2699314732127969, 0.1533135937163665, 0.1348733736799573, 0.12661985844467422, 0.12020993305358497, 0.11687662618808776, 0.1130982869123138, 0.11151254969010563, 0.10951617231252808, 0.10764929429633813, 0.10256496577892664, 0.10123289169146205, 0.10033378002684822, 0.10008777361714614, 0.10006365847756278, 0.09954694871726276, 0.09941500767409427, 0.0987326869940233], "training_accuracy": [0.8879205263123453, 0.9457580252488563, 0.9527953782420049, 0.9563107186565359, 0.958368343379211, 0.9600858349858306, 0.9613101263751729, 0.9614889888022825, 0.9621695102716648, 0.9627132801916247, 0.9637836929561067, 0.9642950411979141, 0.964407100177358, 0.9644228234477972, 0.9644450912636865, 0.9645642052631237, 0.9645103632877177, 0.9647947859606412], "validation_loss": [0.14451459270472136, 0.19105818387694085, 0.1759866956824389, 0.11760492699865538, 0.11627409473145142, 0.1116126976811733, 0.11509587031636889, 0.09311745195195843, 0.09975341778044822, 0.10612555225405884, 0.1201748480675866, 0.1450574321864177, 0.1421378492273748, 0.25623982019728014, 0.28801759717325054, 0.29292505282551656, 0.3439284457688289, 0.3151956942814218], "validation_accuracy": [0.958692307692308, 0.9451299127511407, 0.9519535473198323, 0.9787435897435898, 0.9790162757811043, 0.9782820512820513, 0.9800769230769231, 0.9808717948717948, 0.9808451132634275, 0.9804098828677393, 0.980537420955735, 0.9795290962939248, 0.9798839083219937, 0.9759958376690946, 0.9750963206062061, 0.9745887030070174, 0.9648451132634275, 0.9699372715387284], "confusion_matrix": [[[15012, 1885], [341, 22723]]]}