{"epochs": [1, 2, 3, 4, 5, 6, 7, 8, 9, 10, 11, 12, 13, 14, 15, 16, 17, 18, 19, 20, 21, 22, 23, 24], "training_loss": [0.45320603281811433, 0.3660701603801162, 0.3518793594781999, 0.3397260275151994, 0.33367285615316145, 0.3292421273887157, 0.32728897264158285, 0.3236277807365965, 0.3191074575263041, 0.31801703630222217, 0.30007146734882284, 0.28717292754186524, 0.2824973842198098, 0.2797478181482465, 0.2770830461686408, 0.27460095068370854, 0.27418879055314593, 0.2710980757519051, 0.27035426700280774, 0.269681966153008, 0.2655021951706321, 0.2650286018848419, 0.26458145862928145, 0.2645049178627906], "training_accuracy": [0.7678503384094756, 0.8318673152848285, 0.8391940966347075, 0.8458015040421135, 0.8485870417371691, 0.8504574262079354, 0.8512267014476416, 0.8525136679827058, 0.8550754935138198, 0.85478044745253, 0.8664128125587522, 0.8752380240646744, 0.8781991210753894, 0.8795363132167695, 0.8809912248542957, 0.8823845318668914, 0.882629944538446, 0.8840864119195324, 0.884302307764616, 0.8846068104906926, 0.8869375775521695, 0.8872530644858047, 0.8873124083474327, 0.8873345459672847], "validation_loss": [0.4903756980992742, 0.4457260186075052, 0.4605469499895377, 0.4262408377991906, 0.4781586701648115, 0.5944970695479119, 0.6974664311508523, 0.944384983573943, 0.9106542827412069, 1.142790893246524, 1.2687656696557428, 1.1950998817867626, 1.1321029095587307, 1.2244536166883824, 1.0889806371640915, 1.1509890529438298, 1.109673642671542, 1.0702743556501635, 1.0454470401893912, 0.9499113652264394, 1.0426256320745086, 1.0390132199486357, 1.0435919603784638, 1.0369403516550535], "validation_accuracy": [0.7953726039851506, 0.8011084551859993, 0.8055373513144936, 0.8057766118645352, 0.7922128191529665, 0.7675203803318438, 0.6975731873626794, 0.7006401242518376, 0.6962902871429653, 0.7081484960981894, 0.6840272747935447, 0.6897676717933181, 0.6882743389650731, 0.6821320933404047, 0.6850333737404352, 0.6816610349268883, 0.6844754905674669, 0.6834145389802262, 0.6826819456019393, 0.6857710432608531, 0.681668724903402, 0.682310856883097, 0.6823927191453895, 0.6817133873778314], "confusion_matrix": [[[25068, 48604], [1568, 59745]]]}