{"epochs": [1, 2, 3, 4, 5, 6, 7, 8, 9, 10, 11, 12, 13, 14, 15, 16, 17, 18, 19], "training_loss": [0.3920663667362441, 0.2127097025045059, 0.1889707607293279, 0.17805918367028986, 0.16925447448244635, 0.16274815254241415, 0.15749150959763136, 0.15240832369001406, 0.15034172348912406, 0.14744212553373673, 0.13955291081805649, 0.1379277045668671, 0.13764651180625712, 0.13632507481664982, 0.13583597723605498, 0.13516745432836455, 0.13529096506301713, 0.1347645636671369, 0.1342838706694684], "training_accuracy": [0.815118379465568, 0.9223994029946042, 0.930852424735818, 0.9353682916706565, 0.9382892922133897, 0.9415948983175306, 0.9436581266162242, 0.9455911311177088, 0.9470947067649966, 0.9477397439581142, 0.9506262969702778, 0.9513505251731952, 0.9516017622833063, 0.9523119273377391, 0.9523533824984839, 0.9522649969670856, 0.9524064585129132, 0.9522306452127831, 0.9528341314688883], "validation_loss": [0.40604865020857406, 0.2906603165543996, 0.32353541959459203, 0.3135559142877658, 0.28806934610773355, 0.3289993079856802, 0.3330630106278337, 0.3273956327675245, 0.27420108065677756, 0.35399424384992856, 0.32664335834292263, 0.34020577071425623, 0.3126707951394984, 0.363011745759883, 0.3271075227799324, 0.32540941601380324, 0.32020251263076294, 0.337137880627639, 0.3402785042491861], "validation_accuracy": [0.845809709748796, 0.9089545750357934, 0.8779278927502278, 0.9013091240400886, 0.9158914486528701, 0.9053466093973708, 0.9100525836261878, 0.9097079265911756, 0.9219770922816608, 0.912476376415463, 0.9175233632695561, 0.9139165690485487, 0.9204297800338411, 0.9109032929845111, 0.9214215801119356, 0.9182417024599764, 0.9224332942860861, 0.9127770402186647, 0.9151146687491866], "confusion_matrix": [[[14496, 2881], [324, 22284]]]}