{"epochs": [1, 2, 3, 4, 5, 6, 7, 8, 9, 10, 11, 12, 13, 14, 15, 16, 17, 18, 19, 20, 21, 22, 23, 24, 25, 26, 27, 28, 29], "training_loss": [0.39996232039307894, 0.2828887005374856, 0.26706058454431897, 0.2552234711304103, 0.24673177048768083, 0.24080501223263676, 0.23504503052936843, 0.2305277715602966, 0.22667016158365225, 0.22266859934754568, 0.21243952000386093, 0.2103908611487036, 0.21011070098778972, 0.20896777190165977, 0.2079988156891849, 0.20748781061744037, 0.20707464132406941, 0.2063947929707292, 0.20546949630322522, 0.20548082898332648, 0.20387813571381241, 0.20383770261725334, 0.2037282750214616, 0.20383252354517375, 0.20332683424835335, 0.20356944321769557, 0.20317425284891913, 0.20363889495803886, 0.20310767731846197], "training_accuracy": [0.8091352586489544, 0.880509064473364, 0.8873710974584106, 0.8930995310250444, 0.8969743931121958, 0.9002308155032562, 0.9029798725642506, 0.9050372043961042, 0.9066995509814244, 0.9087275953986285, 0.9132353142417278, 0.9136544566875254, 0.9142984947186864, 0.9148918877311006, 0.9148045300984984, 0.9151621199378497, 0.9154541787236469, 0.9157612504098189, 0.9158341867061991, 0.9158862970934958, 0.9163116573774462, 0.9164967000698464, 0.9162797813350818, 0.9163972916339989, 0.9169004761022322, 0.916867821761007, 0.9167073810100778, 0.9165714866078422, 0.9170721537211511], "validation_loss": [0.5750234634820167, 0.532215445807746, 0.5844643581677791, 0.5667690869118854, 0.5010450309977846, 0.4298815669499563, 0.39864836677085036, 0.42137173805283484, 0.3899238246434194, 0.41159849950677846, 0.39872921198468325, 0.4015583697844624, 0.3952911428859007, 0.4060945369310902, 0.3949451911119887, 0.3948572784582931, 0.390433222350951, 0.3953921490382137, 0.4160661845606148, 0.4017369179515639, 0.4041803958940903, 0.4055683902083579, 0.3998246171734306, 0.4045150994840027, 0.40179154383412635, 0.4027913451248493, 0.4000640409553403, 0.4042904446359499, 0.40219170427471806], "validation_accuracy": [0.7840073869938594, 0.7916734171135835, 0.7926615361745432, 0.7933626030577121, 0.7994469474334197, 0.8039176910498449, 0.8053265142765662, 0.8046319767641307, 0.8061471223885374, 0.803554447633532, 0.8041843889721101, 0.8026212736275169, 0.8022586362648798, 0.8020379641170483, 0.8023039302009125, 0.8021249842769097, 0.80235664543573, 0.8011561674537738, 0.7982030851562589, 0.8006246812500714, 0.7998316886027607, 0.7993921281631998, 0.8003284239173937, 0.7996453213799728, 0.7996993745068668, 0.7993261940972658, 0.7999653405907309, 0.7991169569244493, 0.799634332368984], "confusion_matrix": [[[25493, 15012], [1980, 48476]]]}