{"epochs": [1, 2, 3, 4, 5, 6, 7, 8, 9, 10, 11, 12, 13, 14, 15, 16, 17, 18, 19, 20, 21, 22, 23, 24, 25, 26, 27], "training_loss": [0.3464724364086886, 0.22038278504708297, 0.18439924995723972, 0.16435863895710964, 0.15325102140351235, 0.14494372950763107, 0.1392427439280767, 0.13797581454693342, 0.13308270546070453, 0.12922180633170569, 0.1186811913692606, 0.11731288109165523, 0.11611507066374101, 0.11555909831699125, 0.11458987297950715, 0.11487989205626443, 0.11450827919892585, 0.1142596768874899, 0.11357456701237269, 0.1128205485426238, 0.11119706357906019, 0.11126776643611806, 0.11109768229231802, 0.11127896183782271, 0.11084800734618193, 0.11064479259446362, 0.11097894316924972], "training_accuracy": [0.8531510040659094, 0.9171617652804877, 0.9326867181053641, 0.9412274932713673, 0.9456379340858364, 0.9491526244538384, 0.9514178003636108, 0.9522537734352917, 0.9539702813958784, 0.9555605530924136, 0.9593754841052592, 0.9598875910462658, 0.9600597245110677, 0.9602069315828557, 0.9606609183117628, 0.9604675106474428, 0.9608353501991588, 0.9608843479719876, 0.9610171232483158, 0.9614289362210713, 0.9618300408429704, 0.9619309760711229, 0.9617882233423214, 0.9617704059703832, 0.9616183883001101, 0.9619456400072648, 0.9616494261988006], "validation_loss": [0.7895882318594626, 0.5085328754336972, 0.3963151131174527, 0.4425797457598882, 0.4233429708110634, 0.3888816136407383, 0.36843479971867055, 0.49827105247251374, 0.5022734503262265, 0.45469348654556335, 0.5469250565838593, 0.4836440259520844, 0.45410885078152724, 0.46448039648125167, 0.4649404085908567, 0.47803972009140644, 0.4206392713925717, 0.4751232872462684, 0.4484592494300159, 0.47663120363631606, 0.4931491700598209, 0.5154265422184575, 0.49678750356296014, 0.4819135278599528, 0.4718009626432312, 0.4569698498669043, 0.4930218473410995], "validation_accuracy": [0.6401428571428572, 0.8084492665487248, 0.8575212664012969, 0.8495564278342914, 0.8462857142857142, 0.8573928571428572, 0.8747899712516584, 0.8513571428571431, 0.8750535714285714, 0.8647321428571428, 0.8717142857142853, 0.8695357142857143, 0.8728035714285715, 0.8720714285714285, 0.8791249999999996, 0.8753928571428572, 0.8784464285714285, 0.8798035714285714, 0.879017857142857, 0.8774642857142857, 0.8795535714285716, 0.8799107142857145, 0.880446428571429, 0.8798392857142857, 0.8810714285714287, 0.8807678571428568, 0.880392857142857], "confusion_matrix": [[[21323, 2991], [2413, 29242]]]}