{"epochs": [1, 2, 3, 4, 5, 6, 7, 8, 9, 10, 11, 12, 13, 14, 15, 16, 17, 18, 19, 20, 21, 22, 23, 24, 25, 26], "training_loss": [0.4238400886417138, 0.2866481380694507, 0.29686782254392835, 0.2788275991857403, 0.26516132955466837, 0.2565566856845891, 0.2504952102606798, 0.24489408285011244, 0.2405488730238088, 0.23678654345934425, 0.22651276812103735, 0.22465702538581633, 0.2234783169240755, 0.22315461614511337, 0.22285678438212878, 0.22181964687607847, 0.22155987626501525, 0.2211430617306228, 0.22032186650983945, 0.2201831463307201, 0.2186995258587751, 0.2187088870668458, 0.21836818336035274, 0.21847345262824436, 0.2181526139407823, 0.2180893458499187], "training_accuracy": [0.7674679105957503, 0.8721222142946224, 0.8664402860886988, 0.8757106628041764, 0.8826061925916212, 0.887115457662182, 0.8902835935471581, 0.892687127030822, 0.8952485888757807, 0.8970924002706738, 0.9018678735927085, 0.9030445855966175, 0.903404936941504, 0.903474297197784, 0.9034855667700412, 0.9037810851090357, 0.9040190851867218, 0.9043352720745605, 0.9043916086918296, 0.9049192730640339, 0.9054010873987268, 0.9051727909082898, 0.9054827394106895, 0.9055811306984161, 0.9053698126746624, 0.9055395145446463], "validation_loss": [0.3631911480681985, 0.3202739283442497, 0.30093436064216944, 0.27888985965162605, 0.2863820636714625, 0.27505497809125506, 0.27541949247618713, 0.2836874439839391, 0.2810447621049257, 0.27817928390925767, 0.29497303231252636, 0.29683151121588613, 0.29061329598890573, 0.29451693969734716, 0.2889141684377889, 0.29069882579877476, 0.2966814750116172, 0.28623485044708225, 0.2897990131833202, 0.2935946864042959, 0.29471777934089716, 0.29330450665906044, 0.28960908285074494, 0.29039219662356447, 0.29181175027317624, 0.2931995129452901], "validation_accuracy": [0.8369886764934815, 0.850306627774546, 0.8537394938015682, 0.8615461584471554, 0.8602128933935287, 0.8631974649110583, 0.8662636525273053, 0.8637455652330659, 0.8606746990913337, 0.8624693355838327, 0.8557317344957273, 0.850354420837874, 0.8536621465500993, 0.8526536334362991, 0.85740953894811, 0.8571887469581393, 0.8567956852687896, 0.8595988348750886, 0.8604964726703647, 0.8568580382967215, 0.8572914287118895, 0.8577953657197636, 0.8593780428851177, 0.8589452915680024, 0.859094897867215, 0.8579137955050102], "confusion_matrix": [[[52992, 7193], [7426, 59350]]]}