{"epochs": [1, 2, 3, 4, 5, 6, 7, 8, 9, 10, 11, 12, 13, 14, 15, 16, 17, 18, 19, 20, 21, 22, 23], "training_loss": [0.04382548013370987, 0.04277100864143711, 0.04217313315591733, 0.041493764288755376, 0.04112271321797843, 0.04076942360742572, 0.04021939966424789, 0.0396885623062544, 0.03943030861439682, 0.03952067471418442, 0.038483652864568875, 0.03854475784907217, 0.03836982084410285, 0.03828136622108024, 0.03812024832206601, 0.03800958331786016, 0.03825088457365937, 0.03789791064755692, 0.03790225004637714, 0.0380249165249809, 0.03785795650426976, 0.03794907410559294, 0.03795904707865554], "training_accuracy": [0.9854789683612184, 0.9858327017258335, 0.9858861324534398, 0.9861637788938176, 0.9861580810615769, 0.9862795828420581, 0.9864431523550181, 0.9866088631956006, 0.9866487198068384, 0.9866451633022213, 0.9870467646945293, 0.9870307047373551, 0.9870609253742899, 0.9870828227509394, 0.9871515174914716, 0.9871489618570483, 0.9870603388108985, 0.9873411972427084, 0.9871928590733217, 0.9871738291749222, 0.9871883343678649, 0.9871699608264779, 0.987209333337296], "validation_loss": [0.20661999290201566, 0.1950147234786695, 0.1939126428238248, 0.19510177230019096, 0.20975872677158797, 0.22552605205504067, 0.23154414851819036, 0.22822129342505149, 0.23079189928819888, 0.1989503990341337, 0.21090550058743837, 0.2108927171778506, 0.21811521624815564, 0.2186356066436369, 0.22114988029814106, 0.22161088552543412, 0.22424162813907614, 0.2277890920146072, 0.22632867682174898, 0.22798909276449925, 0.227261247132387, 0.22657450041613567, 0.22726980840383712], "validation_accuracy": [0.9500699927997117, 0.9493007620304812, 0.9497719158766349, 0.9482046081843271, 0.9485507620304812, 0.9474642235689424, 0.9480015300612024, 0.941414991599664, 0.9452215288611542, 0.945442682707308, 0.9451115294611784, 0.944130760230409, 0.9456596063842553, 0.945005760230409, 0.9449384525381013, 0.9445826833073317, 0.9440826833073319, 0.9440922986919473, 0.9442749909996399, 0.9441788371534858, 0.9439288371534857, 0.9439961448457935, 0.9440730679227166], "confusion_matrix": [[[36524, 2522], [2695, 61900]]]}