{"epochs": [1, 2, 3, 4, 5, 6, 7, 8, 9, 10, 11, 12, 13, 14, 15, 16, 17, 18, 19, 20, 21, 22, 23, 24, 25, 26, 27, 28, 29], "training_loss": [0.08762498185182153, 0.07837402606402909, 0.07215188902740943, 0.0673162530852398, 0.06443244383951581, 0.06202565092888583, 0.059730763319776066, 0.05802024479325246, 0.05640930397639438, 0.05557139210474759, 0.053883494316686015, 0.053457860434048945, 0.053098023683630424, 0.0529951896235283, 0.053151317411431406, 0.05281451494658338, 0.0527708084448151, 0.05239176236659416, 0.052472735501873674, 0.0523399409241735, 0.05234463446687835, 0.052094251074981765, 0.05223204233390488, 0.052163934805759524, 0.051963433411921625, 0.052077273433385876, 0.05204209987457036, 0.05207708437490323, 0.05207534178062412], "training_accuracy": [0.9708030815731271, 0.9740126291332184, 0.9761499487432548, 0.9779330020003336, 0.9789228446465342, 0.9797602271158455, 0.9807077924938977, 0.9812881877436168, 0.9817272832750266, 0.9820604109939105, 0.9826780606445141, 0.9827588539050595, 0.9829578740053392, 0.982916667401005, 0.98285509027943, 0.9830557303278373, 0.9829973651976982, 0.9832041545868175, 0.9832007913218969, 0.983162494162019, 0.9832061725457723, 0.983271455133459, 0.9831605041078834, 0.9832627385494788, 0.9832717297756145, 0.9832824085089135, 0.9833793175362691, 0.9832425472105469, 0.9832559444606006], "validation_loss": [0.526526476730173, 0.6194564627592084, 0.7212505287085892, 0.6339300288960152, 0.6065874458168232, 0.5905586606842934, 0.5585597655509509, 0.6314271559744277, 0.49823070795358804, 0.6186265784537677, 0.5681654617721359, 0.5642554873402147, 0.546245966681549, 0.5743065222658813, 0.5611335943812714, 0.5571124408403082, 0.5916141046326795, 0.58015765048464, 0.573471894751538, 0.5450426568814055, 0.5709410776196506, 0.5712192573348526, 0.5784864235723968, 0.5744948426714208, 0.5795341723170865, 0.570382912222619, 0.5728707277258182, 0.5741246592414637, 0.5755883029488587], "validation_accuracy": [0.8095723005807755, 0.7826237999288848, 0.7707793054403224, 0.7916290002370511, 0.7925655149934815, 0.7990952500888941, 0.8072353620955315, 0.7927294654498044, 0.8247318359606495, 0.7989873177669788, 0.8092350657816758, 0.8125064596420527, 0.8163341679506934, 0.8089190322389476, 0.813556107028565, 0.8148918602583859, 0.802383904231362, 0.8092935433210857, 0.8117403697996919, 0.8176754178025367, 0.8113775334834658, 0.8113603620955315, 0.8104757467109163, 0.8119516119473746, 0.8097694085575443, 0.8123001214886811, 0.8122003377977955, 0.812218783335309, 0.8112023971790923], "confusion_matrix": [[[22946, 16323], [1860, 62520]]]}