{"epochs": [1, 2, 3, 4, 5, 6, 7, 8, 9, 10, 11, 12, 13, 14, 15, 16, 17, 18, 19, 20, 21, 22, 23, 24, 25], "training_loss": [0.349984636919184, 0.13376052178196854, 0.10207725480035111, 0.08928775997498097, 0.09284788449277807, 0.08195791934572515, 0.16819393588400586, 0.10042248543474701, 0.08132317998606861, 0.0751984089053485, 0.07031823745195245, 0.06928520931456333, 0.06895935131516649, 0.0681848097114991, 0.06803534085087942, 0.06776614145345085, 0.06683792588011031, 0.06655483056992402, 0.06601732271303842, 0.06571911802112838, 0.06481200916481106, 0.06489130538025181, 0.06449874858252513, 0.06415935303510982, 0.06475782083286034], "training_accuracy": [0.831842511806612, 0.9548306575491801, 0.9663186546370734, 0.9707965279604209, 0.9696367413370536, 0.9735494981951801, 0.9340647181469248, 0.9671906724908816, 0.9739798267982462, 0.9761173380902833, 0.9771611454795653, 0.9776230555777905, 0.977833529633738, 0.9780221743223833, 0.9781549077006936, 0.9783095714552541, 0.9785320007775785, 0.9785881083883177, 0.9786303072577794, 0.9788544194272614, 0.9790018048202243, 0.9790567498751694, 0.9791944841492205, 0.9792786589061324, 0.9790241544788896], "validation_loss": [0.1666147585880632, 0.13098823211233443, 0.12562655666843056, 0.14324662207254732, 0.12468901924347998, 0.11661955262025003, 0.16618226976812972, 0.11567666166668762, 0.12203341558188376, 0.10478423122997972, 0.11306524351128075, 0.11867976512623528, 0.11851965566145589, 0.11820533268474662, 0.11931351822089896, 0.12243697149715445, 0.12168818719009616, 0.11927860733789189, 0.11794787874229655, 0.12041325806104244, 0.12071341552526735, 0.12063396604526298, 0.1207881863234211, 0.12018820849749759, 0.11994024506011863], "validation_accuracy": [0.9464643947277143, 0.9555051682275406, 0.9539229448491153, 0.9472675338189386, 0.9577497571973639, 0.9588668574401665, 0.9464299514394727, 0.9606333333333333, 0.9566000000000001, 0.9629000000000001, 0.96025, 0.9572333333333334, 0.9577500000000002, 0.9573166666666667, 0.9555166666666668, 0.9552999999999999, 0.9528000000000001, 0.9581166666666668, 0.95385, 0.9534833333333331, 0.9548166666666665, 0.9535166666666667, 0.9539000000000003, 0.9534666666666668, 0.9539499999999997], "confusion_matrix": [[[35399, 232], [1994, 22336]]]}