{"epochs": [1, 2, 3, 4, 5, 6, 7, 8, 9, 10, 11, 12, 13, 14, 15, 16, 17, 18, 19, 20, 21, 22, 23, 24, 25, 26], "training_loss": [0.36840726525368417, 0.25612356164102446, 0.23773767505000645, 0.22902055892198445, 0.22300838898291578, 0.21886244793621965, 0.21454918229158143, 0.21180282005939627, 0.20863594106455755, 0.20571570363402145, 0.19314022911660497, 0.19065516374075656, 0.18974647750068643, 0.1887475540185108, 0.18779374499505236, 0.18716163045312217, 0.1868766770183041, 0.18617135746962976, 0.18550068689458196, 0.1852059638616759, 0.18334205924521169, 0.18324256231886937, 0.1834022896555105, 0.18272628350741815, 0.18255726300748812, 0.1826950940034687], "training_accuracy": [0.8177391867565024, 0.8842238870899898, 0.8934858659024087, 0.8977736887591851, 0.9010881113907953, 0.9031801390156504, 0.905038636235918, 0.9060336164415944, 0.9078486300931848, 0.9093344746801214, 0.9147952551753, 0.9161455372177874, 0.9165773160716743, 0.9171765657669586, 0.9174662508211288, 0.917919469167166, 0.9180179146877182, 0.918070269369469, 0.9185586563112212, 0.9187151564652724, 0.9195179146877184, 0.9195179902607667, 0.919635459842613, 0.9199560087354686, 0.9200173856763868, 0.9199923215846308], "validation_loss": [0.433396821551428, 0.38262772745797724, 0.36174844730442995, 0.3467580265228275, 0.35547561959082036, 0.3331482775971761, 0.377517385585403, 0.40721456111915266, 0.40483039269009224, 0.3905265928796013, 0.38415613022443856, 0.39437806498753797, 0.3960080292846866, 0.4265331871225268, 0.41889954418774555, 0.420725802431329, 0.42619376720094876, 0.41548034759345154, 0.4229826609638224, 0.4188126094158783, 0.43741487849685534, 0.43327541697861766, 0.43220293503685103, 0.4318265424950545, 0.43423180041652665, 0.430511450379771], "validation_accuracy": [0.8015590258903191, 0.8353437961079097, 0.8660793560811966, 0.8518610589094076, 0.8620397751098824, 0.8671136875456225, 0.8617275536987278, 0.8534001040582726, 0.8457291766971593, 0.8600386724028143, 0.8601318589156198, 0.8598787332846696, 0.8587916038951964, 0.859069734573749, 0.8529785826331403, 0.8555137760728098, 0.8567304968394244, 0.853638521751285, 0.8559447947567058, 0.8540532094988116, 0.8562920154689609, 0.8574027443428025, 0.8574021386304688, 0.8577314054079239, 0.8575648034541135, 0.858200646093155], "confusion_matrix": [[[44735, 6938], [7706, 74582]]]}