{"epochs": [1, 2, 3, 4, 5, 6, 7, 8, 9, 10, 11, 12, 13, 14, 15, 16, 17, 18, 19, 20, 21, 22, 23, 24], "training_loss": [0.21901329476430342, 0.13494902086525662, 0.12114041811185526, 0.1116903471819898, 0.10584933957168678, 0.10259531910396918, 0.09834533591642447, 0.09707644838954259, 0.09453022187624135, 0.09244897554740839, 0.08592215143408335, 0.08394312665711903, 0.08334146581819153, 0.08335809015072265, 0.08255367866116213, 0.0818173619467175, 0.08141297884021245, 0.08139076272364767, 0.08094817410546837, 0.08029269316094986, 0.07944570489703341, 0.07887490413396071, 0.07880629488128296, 0.07908536761505948], "training_accuracy": [0.92133090038696, 0.9565941751967391, 0.9617979645906672, 0.965007057758493, 0.9668392090587278, 0.9672644531528674, 0.9686700171954464, 0.969103600711435, 0.9697941958607945, 0.9703503270578594, 0.9720705037847213, 0.9727107819622498, 0.9730022336858531, 0.9729040941887277, 0.9729786889641658, 0.9735641139179793, 0.9738655016076146, 0.9737898514894118, 0.9739807652096064, 0.9739265835676505, 0.9745299001483394, 0.9745672455061832, 0.9746524478294136, 0.9747277141866113], "validation_loss": [0.22872385587498473, 0.22388604952273175, 0.2085632837272267, 0.1855305633879862, 0.23737064031844896, 0.21125135608704462, 0.23769341729362517, 0.19891185483423285, 0.18731445860927265, 0.3086398154818758, 0.3931117055332261, 0.600136531151308, 0.8841814807861434, 0.8642755632611118, 1.1066440664823245, 1.7933938887511156, 1.1280902378602333, 1.2783117322769724, 1.3581128483575002, 1.7162265183275438, 1.6947521650905406, 1.642959260103706, 1.7208799847328442, 1.6669935195701284], "validation_accuracy": [0.9242829984791485, 0.9380452053149765, 0.933741415192508, 0.932423076923077, 0.9247551829024252, 0.9255337789161933, 0.8757829984791484, 0.9249290402625471, 0.9261852837589053, 0.847707296085808, 0.8302587448971419, 0.8109936364364041, 0.7878070119266791, 0.7931052789562154, 0.7958378892179622, 0.775503261826623, 0.7897129192347714, 0.7893886176258705, 0.7938111342351717, 0.7904688225406228, 0.7923446329944769, 0.7902458576803011, 0.7859168134155129, 0.7848115744817098], "confusion_matrix": [[[11807, 10707], [213, 30234]]]}