{"epochs": [1, 2, 3, 4, 5, 6, 7, 8, 9, 10, 11, 12, 13, 14, 15, 16, 17, 18, 19, 20, 21], "training_loss": [0.03461398570870971, 0.030289533120326607, 0.026608057016671426, 0.02489441122369037, 0.023194472161016753, 0.021476278560917238, 0.020471948404768982, 0.019631230228772608, 0.01849633971216283, 0.017949936459522108, 0.016991715248354567, 0.016606239886854356, 0.016520108981622927, 0.016572616569071594, 0.016480089726162175, 0.016277212779517037, 0.016082324122322442, 0.01604484753526644, 0.016236141909146278, 0.016108014711228875, 0.015780705874672795], "training_accuracy": [0.98771243308774, 0.9902682665847091, 0.9920596739263473, 0.9927228317012609, 0.9931647727757829, 0.9938411749807222, 0.9941030014826723, 0.9945050812053774, 0.9947250571297694, 0.994975864630202, 0.9952279129066349, 0.9953826513334095, 0.99546633256781, 0.9953946549874375, 0.9954397156460171, 0.995495174918113, 0.9954946825918579, 0.9954535804640408, 0.9954877501828465, 0.9956200863420741, 0.9956361765886089], "validation_loss": [0.16234199503026225, 0.27197433594741005, 0.29522869116820183, 0.4006313461195763, 0.4268568569515341, 0.3858123856685125, 0.4176000120240102, 0.4433543808131994, 0.47692303032232414, 0.5210535593892854, 0.489092819356726, 0.4963509871018534, 0.4836497732128011, 0.48232627874749506, 0.4880710942097932, 0.4740940010821908, 0.5013750504762434, 0.51520704292088, 0.48913202042995885, 0.49788093263330035, 0.5019767937317958], "validation_accuracy": [0.9570132223942206, 0.9329871162280701, 0.9347425986842104, 0.9190927341331268, 0.9308399767801857, 0.9346544601393189, 0.9163732423890608, 0.938438193369453, 0.9258801115841073, 0.9326315950722394, 0.9372891995614034, 0.9384986938854488, 0.9357425825593395, 0.936968201754386, 0.939125064499484, 0.9392046891124872, 0.9389648155314759, 0.9366658281733745, 0.9386125677244583, 0.9388846910474719, 0.9387244420794634], "confusion_matrix": [[[28617, 66], [2661, 32625]]]}