{"epochs": [1, 2, 3, 4, 5, 6, 7, 8, 9, 10, 11, 12, 13, 14, 15, 16, 17, 18, 19, 20, 21, 22, 23, 24, 25], "training_loss": [0.4408134402902195, 0.188993546141017, 0.15648956523838978, 0.13877926106442323, 0.13048073690890735, 0.12198363840248112, 0.11603602554591036, 0.11188812821041502, 0.10933442229616615, 0.10688329785066618, 0.09863719883435022, 0.09679634805212839, 0.09619942123281928, 0.09541672959359558, 0.09527660758630735, 0.09469868403699722, 0.09446950212851134, 0.09354424175447504, 0.093362164490738, 0.09286992862521938, 0.09193698695979033, 0.09134696575839961, 0.09139321556932942, 0.09173280693474485, 0.09160380231378339], "training_accuracy": [0.7577108222921087, 0.9287040828387276, 0.942902572255608, 0.9502668341487273, 0.9541408796052737, 0.957800935829187, 0.9603276908565463, 0.961890022688876, 0.9627450757724987, 0.963488679896823, 0.9660107418729103, 0.9668655238024616, 0.9668183012776697, 0.9669886509273715, 0.9671535520024851, 0.9672818241021218, 0.9672278296781619, 0.967496807566358, 0.9675374065155777, 0.9678585711339117, 0.9677473933286835, 0.967876117351776, 0.9679756494371815, 0.9678496624479426, 0.9679970173051925], "validation_loss": [0.3962508220325357, 0.28972889113772127, 0.2162984301519048, 0.1742416961559294, 0.16074455800324877, 0.18017514361625736, 0.20865870451130572, 0.18248859731413955, 0.19152227019731072, 0.17077004530126164, 0.1930625925961067, 0.19782235709863016, 0.20122828371573373, 0.20807123270268285, 0.20180570873396522, 0.19467806335576046, 0.20816673454516735, 0.2028448455639591, 0.1980197996750316, 0.2071431546272444, 0.20506669195206736, 0.2047791490045451, 0.20519901275526667, 0.20291327794309058, 0.20202594057835604], "validation_accuracy": [0.8825892857142857, 0.896373550616917, 0.9194278467370302, 0.945017857142857, 0.9502135610227439, 0.9458035714285715, 0.9404642857142861, 0.9477857142857145, 0.9467678571428569, 0.9513571428571427, 0.9459285714285716, 0.9515714285714285, 0.9421964285714288, 0.9456071428571428, 0.9460714285714286, 0.9522857142857142, 0.9450535714285715, 0.9476428571428572, 0.9470178571428571, 0.9508571428571427, 0.9479821428571427, 0.947625, 0.9461785714285711, 0.9502678571428571, 0.9484999999999999], "confusion_matrix": [[[23090, 992], [1427, 30452]]]}