{"epochs": [1, 2, 3, 4, 5, 6, 7, 8, 9, 10, 11, 12, 13, 14, 15, 16, 17, 18, 19, 20, 21, 22, 23, 24, 25, 26, 27], "training_loss": [0.5997302674111866, 0.5909849984305245, 0.5705914219220479, 0.30232209549063727, 0.12851267641498929, 0.09792854083435876, 0.0866733166433516, 0.07813558323042734, 0.07428505786118053, 0.07132737278228714, 0.06622945801133201, 0.0642061238132772, 0.06385219991207122, 0.06408880931280908, 0.06330695308390118, 0.062395044983852475, 0.06382397001697904, 0.06271702352733839, 0.0612205806232634, 0.06193594338283653, 0.06107600029735338, 0.061163828947714396, 0.06095935280124346, 0.06082956748349326, 0.06001377400188219, 0.061214445886157806, 0.06066021685089384], "training_accuracy": [0.7147912690154106, 0.7193067142361627, 0.7310337545215797, 0.8757952232297705, 0.9623419453941825, 0.9721769486150335, 0.9754696199395466, 0.9784041127793464, 0.9794589366235564, 0.9802239334027053, 0.982641435013131, 0.9829553342252612, 0.9828676874287688, 0.9829370596105242, 0.9830993508745847, 0.9831561072295723, 0.9825351270997467, 0.9828212278876162, 0.9839549477231055, 0.983374768346464, 0.9838517318269657, 0.9835187849957877, 0.9836010207621019, 0.9837850651602993, 0.9840981913681184, 0.9834902135672163, 0.9835953619741336], "validation_loss": [0.8327581355204949, 0.9211097703530238, 0.9009262300454653, 0.11070335985949406, 0.09291672097662321, 0.10016718232789291, 0.09216180740175052, 0.09332047615092821, 0.11683197487862064, 0.1218690427306753, 0.12190112733067228, 0.137372577133087, 0.16638220540391138, 0.1786627079037806, 0.21728267626335415, 0.21011792866584772, 0.17186979992458454, 0.2670834860674894, 0.322673854086763, 0.3124665474662414, 0.2976473418619627, 0.30097169088772857, 0.27859453576652765, 0.29646625781718355, 0.29507284411766493, 0.31260292096815717, 0.3160133699958141], "validation_accuracy": [0.4802307692307692, 0.4056153846153846, 0.4076923076923077, 0.9661538461538464, 0.9662307692307693, 0.9583846153846154, 0.9632307692307692, 0.9631538461538462, 0.9546923076923076, 0.9552307692307692, 0.9520000000000001, 0.9456153846153845, 0.9349999999999999, 0.9297692307692308, 0.9169230769230767, 0.9206923076923078, 0.9328461538461539, 0.8993076923076924, 0.8772307692307693, 0.881, 0.8876153846153846, 0.886153846153846, 0.8938461538461537, 0.8881538461538463, 0.8891538461538461, 0.8823076923076923, 0.8813076923076922], "confusion_matrix": [[[7828, 1876], [158, 3099]]]}