{"epochs": [1, 2, 3, 4, 5, 6, 7, 8, 9, 10, 11, 12, 13, 14, 15, 16, 17, 18, 19, 20, 21, 22, 23, 24, 25, 26], "training_loss": [0.32362512936139237, 0.2433853238488043, 0.22871836632823145, 0.2172998146915347, 0.20994812498490015, 0.20415239219225984, 0.19990446747348295, 0.19584840605489812, 0.19226976789298225, 0.18947435588033062, 0.17947871190820106, 0.17718095934535316, 0.17644721594269716, 0.1754463607483514, 0.17529134786717274, 0.1742265496534786, 0.17412440513487856, 0.17352825652953632, 0.17294183922879522, 0.17247493105838196, 0.17120573906925138, 0.17094333924949723, 0.17115581805646088, 0.1704961881873994, 0.17109285410167563, 0.17107860756486487], "training_accuracy": [0.8554980835450332, 0.8995235632885501, 0.9061254309117008, 0.9108815964127996, 0.9137523868487386, 0.9162165274378591, 0.9179967261368399, 0.919692545590894, 0.921361187814523, 0.9228808920332445, 0.9270896848603919, 0.9281766171178764, 0.9284492023167973, 0.9289056916193374, 0.9291373084756143, 0.9296116533638737, 0.9296213800025958, 0.9298405147105834, 0.9302344072457102, 0.9301766549044003, 0.930942344547211, 0.9311519551134863, 0.930783504535351, 0.9310609341603738, 0.9308585834510524, 0.9309305047698213], "validation_loss": [0.4592649616212445, 0.38288373041875423, 0.3402525618661077, 0.35022332570094217, 0.34389728007053194, 0.33864563128448555, 0.3443856645513842, 0.3537260317079112, 0.3567481010771311, 0.37161607211394887, 0.34181271514102834, 0.35052273191767974, 0.35303715399711666, 0.37422459387049295, 0.36522132978635496, 0.3649930444974674, 0.38270502182786004, 0.3685209976475603, 0.38080387679080707, 0.3800372409022026, 0.37953029136951955, 0.37478941755414696, 0.3778888156477424, 0.37931846616230536, 0.37754630753269297, 0.3798636223635647], "validation_accuracy": [0.8458753941012936, 0.857283116156988, 0.8586699644338142, 0.8584872256822027, 0.8567139639989438, 0.8617453290260454, 0.869357292621181, 0.8685121919020916, 0.863895708761085, 0.8638625265969837, 0.8674398791681547, 0.8675511050367305, 0.8673800689580192, 0.8669696211968254, 0.8682755913460788, 0.8684233307965894, 0.8668188531846487, 0.8669836380014597, 0.8673788575333526, 0.8667655970925805, 0.8669931119635945, 0.867091035457468, 0.8670698588224334, 0.8665978924317018, 0.8672922251386143, 0.8667172954167761], "confusion_matrix": [[[39296, 11194], [4534, 78937]]]}