{"epochs": [1, 2, 3, 4, 5, 6, 7, 8, 9, 10, 11, 12, 13, 14, 15, 16, 17, 18, 19, 20, 21, 22, 23, 24, 25], "training_loss": [0.49886723983067055, 0.2934068914778806, 0.27130899150614385, 0.26058770420926586, 0.25282917989900816, 0.24649092973106437, 0.24165494415771077, 0.23836631498954913, 0.23511674384827966, 0.232797615547423, 0.2215304775232518, 0.2205177041115584, 0.2194540431102117, 0.2187697886592812, 0.2180795961370071, 0.21720352007283106, 0.2167613008921897, 0.21653004875061688, 0.21579176629031147, 0.21562572712147676, 0.21421446413905532, 0.2141013698031505, 0.21384798714684117, 0.21412528230360262, 0.21357092515186027], "training_accuracy": [0.7026580107652265, 0.869543079359528, 0.8817212224554036, 0.8870535385332857, 0.8907118592359393, 0.8937468160973131, 0.8962131757413229, 0.8975475593641915, 0.8991062706463017, 0.9001268567098054, 0.9055066689984829, 0.9058393173603815, 0.9064620418949895, 0.9067892260308558, 0.9068869049007029, 0.9074831098674745, 0.9076248678636657, 0.907471164159961, 0.9077389394116047, 0.9081698729159368, 0.9088619962302269, 0.9087540282149923, 0.9089216791030261, 0.9090308344020825, 0.9088502914772048], "validation_loss": [0.3795105152217838, 0.3377675689529252, 0.33301537821708777, 0.32576388123083805, 0.3128537148473534, 0.3142778773847689, 0.3179607242432687, 0.3240290891514646, 0.3198621071729142, 0.3184255335537314, 0.31920194680673947, 0.32315346820943697, 0.32524586463374877, 0.3360636518510587, 0.32986362411730935, 0.33175220580879294, 0.33179018526371057, 0.335805364148587, 0.3301362944575749, 0.3299270979925441, 0.33100277663481337, 0.3353956668853148, 0.33512796508756454, 0.3373906149397736, 0.3372264542380598], "validation_accuracy": [0.8542214217475059, 0.8577853361732781, 0.8626333416861124, 0.8657330738751154, 0.8699191320417846, 0.8692088064399929, 0.8719898748649195, 0.8712743966421822, 0.8690887300120593, 0.8712330973673079, 0.8695727005058652, 0.8700563029553176, 0.870096192698626, 0.8692379837434022, 0.8699857245775319, 0.8683368388905416, 0.868911833800567, 0.868841623467134, 0.86716777340997, 0.8693121407652187, 0.8685028582167854, 0.8675174155455668, 0.8673297442483275, 0.8666353463532283, 0.8674289674398207], "confusion_matrix": [[[55290, 15730], [4703, 59230]]]}