{"epochs": [1, 2, 3, 4, 5, 6, 7, 8, 9, 10, 11, 12, 13, 14, 15, 16, 17, 18, 19, 20, 21, 22, 23, 24, 25, 26], "training_loss": [0.4105683294677637, 0.2923852006291471, 0.2734770906740815, 0.26264157377910324, 0.254771859695514, 0.24935085505125967, 0.24320803008731304, 0.23956056570679676, 0.23545513332374696, 0.23357055071226465, 0.22156003693012688, 0.21908944442383643, 0.21830493994662917, 0.21674858210835515, 0.21610157440106073, 0.2149463566247283, 0.21389964709012974, 0.2137202583101949, 0.2123273050457966, 0.21177000214716768, 0.21003640953421107, 0.21002552755237594, 0.2098370095094045, 0.2095848034340434, 0.20941037777054117, 0.2093962276187854], "training_accuracy": [0.7872584536771489, 0.8703815861272557, 0.87984306553133, 0.8854623391538275, 0.8892242868201289, 0.8920298659932469, 0.8945648164598176, 0.896095675448169, 0.898678967538895, 0.8992420169115826, 0.9050040058204935, 0.9060709965060116, 0.9065699802458483, 0.907621974484571, 0.9078339752375139, 0.9088273415226328, 0.9089853155165254, 0.9095299072358562, 0.9098844995473886, 0.9101149019060426, 0.9110473898716608, 0.9110812563978915, 0.9114314124853001, 0.9114459288258333, 0.9116757273504037, 0.9115114231449275], "validation_loss": [0.3598061090403954, 0.33705605961359486, 0.32469692156882957, 0.3377677239449008, 0.3744201029330725, 0.32127210576054793, 0.35492136515217754, 0.40902661273902907, 0.4145299001166513, 0.3824356463818895, 0.48729222515649767, 0.5224925286228144, 0.48022557773968355, 0.5157809878566219, 0.5670167841312161, 0.6621275371879418, 0.5830198172713802, 0.5920279881789633, 0.5520433429415774, 0.5727022128933484, 0.5935197997338917, 0.6117361477130894, 0.6144064519617151, 0.5926026547163131, 0.6341700422539768, 0.6016680877970191], "validation_accuracy": [0.8399765527711912, 0.8540175363777486, 0.8594027822793876, 0.8564027822793876, 0.8514519626072566, 0.8592962249023386, 0.8559929462138138, 0.8522552412957809, 0.8444273724433219, 0.8576797137544563, 0.8392388478531579, 0.8365995035908633, 0.8402060609679128, 0.835181470803978, 0.8318863888367647, 0.8213126183449615, 0.8312388478531587, 0.8284027822793877, 0.8295175363777484, 0.8304195083673087, 0.8284355691646335, 0.8257634380170927, 0.8259519626072563, 0.8288536019515186, 0.8254355691646338, 0.8269273724433219], "confusion_matrix": [[[43072, 18051], [2529, 59309]]]}