{"epochs": [1, 2, 3, 4, 5, 6, 7, 8, 9, 10, 11, 12, 13, 14, 15, 16, 17, 18, 19], "training_loss": [0.28609648834234513, 0.1567810725350425, 0.13557055669854273, 0.12586806049136995, 0.11865910498788522, 0.11416728466561755, 0.11097375179330508, 0.10851870446741206, 0.10666487251156531, 0.10601228420511356, 0.09993587581897681, 0.09835967772974158, 0.09774364324860603, 0.09745502052535801, 0.09705382538666515, 0.09670360264538219, 0.0960805430633467, 0.09578552319662376, 0.09537990801270653], "training_accuracy": [0.8785373889881475, 0.9449945123986414, 0.9528693643283004, 0.9563345178960598, 0.9593751431619318, 0.9609044659978141, 0.9619642144254873, 0.9626607962094004, 0.9629454741195962, 0.9632468504375032, 0.9646308810921549, 0.9649837204431969, 0.9653261048828862, 0.9653272534506122, 0.9653024790738159, 0.965411138161899, 0.9654545252259505, 0.9656335152716976, 0.9656731195884787], "validation_loss": [0.13502287324995565, 0.14048339203835872, 0.1251941702913684, 0.13754202200708768, 0.10358956853339735, 0.11200785312282208, 0.12330507029232998, 0.12351665710761714, 0.10072334435860214, 0.10600793642245265, 0.14926016847689774, 0.17435200103025822, 0.16762336677461812, 0.18738994664079492, 0.20946471439519854, 0.3486512110387536, 0.4705166205750328, 0.5215285484347469, 0.6352795305742854], "validation_accuracy": [0.9589487179487179, 0.9637875877157875, 0.9724219963179379, 0.9750512820512821, 0.9739989594172734, 0.9731731636383041, 0.975892232983804, 0.9731434403265826, 0.9792820512820513, 0.9774171669468235, 0.9661794871794873, 0.9345835000933855, 0.9436375303503294, 0.9096981776461487, 0.8962331438939137, 0.839920622215107, 0.8258474879265723, 0.8230609407935109, 0.8067884682088636], "confusion_matrix": [[[10759, 6138], [197, 22867]]]}