{"epochs": [1, 2, 3, 4, 5, 6, 7, 8, 9, 10, 11, 12, 13, 14, 15, 16, 17], "training_loss": [0.2789318397547464, 0.16386712358901337, 0.1399860992184225, 0.1290538674630459, 0.1234156386282459, 0.12045091824055468, 0.11683849006328943, 0.11400283296715538, 0.11178437943728466, 0.1098779373854961, 0.1052678903599955, 0.10396413931494239, 0.10315630242884534, 0.10287052990411813, 0.10293362467731319, 0.10248320221713504, 0.10215322256275693], "training_accuracy": [0.8849623160750559, 0.9429426173647216, 0.952067397498556, 0.9566359762706804, 0.958107674383888, 0.9594167559112365, 0.9603985922074884, 0.9613930071200939, 0.9618456361028355, 0.9622915733655264, 0.9636156739425341, 0.9636946927066095, 0.9641044031647747, 0.9641310954040676, 0.9642984662915145, 0.9642484536350118, 0.9643613593732765], "validation_loss": [0.12238686949683306, 0.11124384612776339, 0.11972828200445153, 0.11421165089958753, 0.12158523571158114, 0.1094624344438601, 0.09322537608498421, 0.12225164771109867, 0.10716188877212027, 0.10915762181628871, 0.12797635445503358, 0.1364501189639738, 0.13468919907767812, 0.17869464644248487, 0.18562869595782616, 0.17267151164256014, 0.2631901245702419], "validation_accuracy": [0.9653524119499349, 0.9709694371675794, 0.9739942578920906, 0.9769983593977403, 0.9770455399433724, 0.9792779497764019, 0.9800231801222511, 0.9773171390013493, 0.9798196925193827, 0.9793690296631473, 0.9769355931306395, 0.9755046175015213, 0.9756568230531079, 0.9561159006112566, 0.9360215395199916, 0.9549934375909609, 0.8430373369320739], "confusion_matrix": [[[10247, 6810], [210, 22702]]]}