{"epochs": [1, 2, 3, 4, 5, 6, 7, 8, 9, 10, 11, 12, 13, 14, 15, 16, 17, 18, 19, 20], "training_loss": [0.3420688598973196, 0.16927450972626795, 0.1473532144987733, 0.13746720442325813, 0.12941578806102652, 0.1244411566909754, 0.12077172128659375, 0.11796180622757606, 0.1145443138227148, 0.11201918919412594, 0.10653392769068291, 0.10523838772432609, 0.10458752353611232, 0.10389042587119078, 0.10383293156822522, 0.10344224634035579, 0.1026112454117469, 0.10260067413906632, 0.10216540353571844, 0.10184880346059799], "training_accuracy": [0.8419909390768263, 0.9403983861150926, 0.9478229144169795, 0.9520659461122127, 0.9544875849972841, 0.9563841942682869, 0.9577288300316106, 0.9590382823186013, 0.9605325034849715, 0.9612117487679898, 0.9626089961321742, 0.9628787982905649, 0.9627275996570659, 0.9630217933363439, 0.9629740312436599, 0.9630548989194947, 0.9633707223214808, 0.9633632026387614, 0.9633635854946702, 0.9637594290538563], "validation_loss": [0.13963661204951888, 0.13720549721843922, 0.1425854740276312, 0.12548396550715926, 0.1654190616741872, 0.14903287180156136, 0.16741489951695818, 0.13230152693890537, 0.11600603986209115, 0.10258785467606056, 0.11357116980406527, 0.11949307228384826, 0.12533667422338532, 0.1350159255357889, 0.13107317054042747, 0.14768430311139524, 0.16068135052382088, 0.15069913388950412, 0.1653789445920269, 0.20759344210461142], "validation_accuracy": [0.9604677019130714, 0.9611290055764561, 0.9651261239627524, 0.9763814936364361, 0.9383846153846153, 0.9619968782518209, 0.9643198057578911, 0.9698315856879852, 0.976229728648043, 0.9786143440326581, 0.9751774060140346, 0.9732643613757037, 0.9725526561541127, 0.9690006670402093, 0.9701146775527627, 0.9652879212358922, 0.9630765495344059, 0.9652702313295445, 0.961367592518477, 0.9410401291389844], "confusion_matrix": [[[14781, 2116], [208, 22856]]]}