{"epochs": [1, 2, 3, 4, 5, 6, 7, 8, 9, 10, 11, 12, 13, 14, 15, 16, 17, 18, 19, 20, 21, 22, 23, 24, 25, 26, 27, 28, 29, 30, 31], "training_loss": [0.2548984075960873, 0.15891539668605761, 0.13386810149224299, 0.12357748859802133, 0.11788252783271502, 0.11326409192205225, 0.11032096277805245, 0.1080919640525332, 0.10589859997795063, 0.10458481564836682, 0.0996881475754129, 0.09841083697740387, 0.09789561079639308, 0.09756549494633884, 0.09686422434711606, 0.09674340331891798, 0.09648823325738967, 0.09638711285291228, 0.09584473410867295, 0.09531619880090719, 0.09459100738636353, 0.09489360899201729, 0.09460448484235215, 0.09480314029368965, 0.09439671995504847, 0.09461574325537157, 0.09454590293034068, 0.09419686883781692, 0.09447562059610144, 0.09434063623676885, 0.09443043899845402], "training_accuracy": [0.8986887970471017, 0.9439011479132718, 0.9536828087880149, 0.9575035635049974, 0.9596824717439262, 0.9610618263208531, 0.962218165694802, 0.9626912676130085, 0.9633346455146956, 0.9637672497856675, 0.9647903651201915, 0.9649199340309812, 0.9650294864495198, 0.9651239536907962, 0.9652413268411448, 0.965360440840581, 0.9655205629618002, 0.9655180564008926, 0.9657089869698102, 0.9656311363294267, 0.9658350283706048, 0.9657174457948032, 0.9657907479760987, 0.9657471056747761, 0.9657369060006944, 0.9657098803002643, 0.9657819521070166, 0.9657177828388932, 0.965741326841145, 0.9658849599801047, 0.9658917597628269], "validation_loss": [0.1491351549525578, 0.1459575561233438, 0.11631992187661429, 0.11301080409126978, 0.10721261320689407, 0.12137348005452599, 0.10238817390591766, 0.09885435591777189, 0.10752752748950838, 0.10921566124978618, 0.10240364871256483, 0.10526274675980975, 0.09997901703322079, 0.09872258115940032, 0.09397694168989965, 0.09514887029684196, 0.09303809382244929, 0.09475368975808333, 0.09410557513407324, 0.09309114037042047, 0.09204095067187341, 0.09308169437365275, 0.09402142234737254, 0.09276191725625839, 0.0927237218500709, 0.09285139584692213, 0.09452893944212402, 0.09335253600660601, 0.09245086187972144, 0.09256826424228702, 0.09257150794385383], "validation_accuracy": [0.9552307692307693, 0.9674500920515491, 0.9758301715627417, 0.9784358974358972, 0.9784861389044528, 0.9776295792310359, 0.9796410256410255, 0.9808461538461538, 0.9779323621227886, 0.9798582672963528, 0.9800398356412924, 0.9792816777395341, 0.9797588249419672, 0.9798101069932491, 0.9792477120520824, 0.9795308039168601, 0.9793062781824491, 0.979572053683396, 0.9796506843832543, 0.9787646948958082, 0.9796531390912244, 0.9792335174364311, 0.9791063528909524, 0.9795474532404813, 0.9797546626110623, 0.9794705301635585, 0.9791555537767814, 0.9792089169935166, 0.9790498679260384, 0.9793135622615332, 0.979312521678807], "confusion_matrix": [[[16596, 301], [332, 22732]]]}