{"epochs": [1, 2, 3, 4, 5, 6, 7, 8, 9, 10, 11], "training_loss": [0.34348369975509885, 0.22124756277544694, 0.1961874136666082, 0.18737853491831125, 0.18050991940610814, 0.17308709442428072, 0.17017226024243817, 0.1657493677716585, 0.161655844476238, 0.15863333872091845, 0.1505609723569462], "training_accuracy": [0.8509144079430441, 0.9191095201609036, 0.9282390256361153, 0.9310563004820736, 0.9341472560099607, 0.9368935925677611, 0.9382269737892285, 0.9401423075695179, 0.9414965999425348, 0.9427804807968589, 0.9464501005650794], "validation_loss": [0.19546795182694227, 0.3215638145040243, 0.41422192845493555, 0.4565142590839129, 0.4096884306233663, 0.3155939011619641, 0.4046808901744393, 0.2925268042211731, 0.3597209839007029, 0.3413046390677874, 0.33531276339617294], "validation_accuracy": [0.91313627489262, 0.8803532474293897, 0.857468176493557, 0.8398112716386827, 0.8601420018222049, 0.8930745802420927, 0.8670968371729794, 0.9043537680593519, 0.8944914746843682, 0.8911830014317322, 0.8993112065599377], "confusion_matrix": [[[13521, 3856], [321, 22287]]]}