{"epochs": [1, 2, 3, 4, 5, 6, 7, 8, 9, 10, 11, 12, 13, 14, 15, 16, 17, 18, 19, 20, 21], "training_loss": [0.1812009440552288, 0.08707408264296165, 0.06809814884553095, 0.06115812322139538, 0.05646717399064758, 0.05437142320876057, 0.052071609556372564, 0.04969363255382189, 0.05078768880939134, 0.04844862841733279, 0.044254277768757996, 0.04298758455536411, 0.042649631263539114, 0.04223669088511752, 0.041968601282261805, 0.04166775950668495, 0.04151177113369662, 0.0412773410469428, 0.04095512281225526, 0.04063923739153039, 0.040247043737513775], "training_accuracy": [0.9285586016626797, 0.9710588384463339, 0.9779707549273907, 0.9803596728413714, 0.98205800435682, 0.9825860991191656, 0.9833303605527602, 0.9841214654311142, 0.9836785791758722, 0.9844255353602032, 0.9855400561559193, 0.9859631564635847, 0.9860426943841064, 0.9860955353296493, 0.9862000562170244, 0.9862469332697852, 0.9862934498003406, 0.9864648475571582, 0.9865059073702377, 0.9865292557660658, 0.98660464462593], "validation_loss": [0.3374750543680606, 0.3890351947081732, 0.5994378023936827, 0.5953195458904179, 0.6765405102794944, 0.668757954624214, 0.6808910728327754, 0.7015463316642504, 0.586971747829818, 0.6390392597577603, 0.7375697239276704, 0.7294670274119336, 0.8177774279140115, 0.8159705657653925, 0.8477988716060373, 0.8620511237559219, 0.8255363726791961, 0.8334323008760872, 0.8790790306718723, 0.8262406474761661, 0.8957257940093052], "validation_accuracy": [0.8628979591836734, 0.8734081632653062, 0.7662959183673469, 0.7829387755102041, 0.7806530612244899, 0.8099795918367347, 0.7877244897959182, 0.7900000000000001, 0.8304081632653061, 0.817459183673469, 0.792765306122449, 0.788948979591837, 0.7824897959183674, 0.7875714285714285, 0.7771020408163265, 0.7737244897959183, 0.7852755102040816, 0.7758367346938777, 0.7728163265306122, 0.7782959183673466, 0.7709693877551022], "confusion_matrix": [[[25572, 11369], [2067, 58881]]]}