{"epochs": [1, 2, 3, 4, 5, 6, 7, 8, 9, 10, 11, 12, 13, 14, 15, 16, 17, 18, 19, 20, 21, 22], "training_loss": [0.4235802972206363, 0.30328275860735665, 0.2830451550858992, 0.27017647911001136, 0.261327505842955, 0.25472110625770356, 0.2497189528550263, 0.2461830988664318, 0.2422682961104093, 0.23908624647668114, 0.22933743954808625, 0.22732074467672242, 0.22636989520655737, 0.22569238796002336, 0.22541913101794542, 0.22469848802796116, 0.22370102681495524, 0.2237824185854859, 0.2227976417651883, 0.22289845896539864, 0.22114503373978314, 0.2213185928210064], "training_accuracy": [0.7730375062627675, 0.8620436013797373, 0.8730657108721624, 0.8798838912012936, 0.8844954156549885, 0.8886040120245094, 0.8911701661078341, 0.892407466181061, 0.8941833921069863, 0.8962385718965586, 0.9003340309091592, 0.9017287249007587, 0.9023118327745002, 0.902289798435271, 0.9024147984352694, 0.9028568408679221, 0.9034817281381268, 0.9035305391760116, 0.9038692912475415, 0.9040036497475601, 0.9045015348595183, 0.9045588295371334], "validation_loss": [0.37361475703334296, 0.3099701861492984, 0.32111308165459285, 0.35700814031088834, 0.35005581975717326, 0.34983496233738814, 0.3561019471307014, 0.33431699711446294, 0.35716380035673456, 0.3348382568416779, 0.34199331821954687, 0.34727155239127555, 0.3624834783550429, 0.3560584284684288, 0.35275478838552976, 0.3459208049978824, 0.34854178412249676, 0.3579465558348656, 0.35608946854186635, 0.3530538853547793, 0.3588976693402523, 0.3601899950219865], "validation_accuracy": [0.8447821920574028, 0.8594179259788467, 0.8552099026200942, 0.8421647149269263, 0.8427835976206377, 0.8377797692080698, 0.8515641744451519, 0.8500609517449177, 0.8451437324304597, 0.8548990867721746, 0.8501215618059548, 0.8446627036513578, 0.8438474536785374, 0.8475929224843521, 0.8491108764191522, 0.8472511531830956, 0.8482872551912654, 0.8457606271452309, 0.846925109105875, 0.8493475623961355, 0.8456236817991206, 0.845007004519546], "confusion_matrix": [[[55913, 15763], [5901, 57384]]]}