{"epochs": [1, 2, 3, 4, 5, 6, 7, 8, 9, 10, 11, 12, 13, 14, 15, 16, 17, 18, 19, 20, 21, 22, 23, 24], "training_loss": [0.4157983456996814, 0.279781327655368, 0.2625277828810245, 0.2520935980042791, 0.24506620105689134, 0.23966180058098835, 0.2341149275068899, 0.22904024329404243, 0.22512837735618033, 0.22199224766330852, 0.21104233814933435, 0.20874446775855088, 0.2077626631823428, 0.20761768886782705, 0.20625745938630055, 0.2060459411587311, 0.2048010111339693, 0.20424328924402266, 0.20447462740052452, 0.20348274486267054, 0.20228484728125884, 0.20162393851908797, 0.2020921186737621, 0.20204303608331114], "training_accuracy": [0.7820890163532239, 0.8759328346754548, 0.8854907973087461, 0.8915211361568038, 0.8954626097234635, 0.8981234220547943, 0.9007531583075603, 0.9035023174417854, 0.9053961719608271, 0.9072261944040565, 0.9123626315986657, 0.9132068269961718, 0.9134891814445115, 0.9138562605976882, 0.9144537895460699, 0.9144818997825771, 0.9151167362201349, 0.9154841283941292, 0.9151845239605941, 0.9157761683592744, 0.9161912097952558, 0.9164501807423301, 0.9162458917528071, 0.9163429813843265], "validation_loss": [0.3944186741512304, 0.35493128151833037, 0.3313684061498198, 0.32385706041273704, 0.3479396370745473, 0.3714352325290424, 0.3393544255348932, 0.3581275977743746, 0.36947697852237726, 0.3537774877915122, 0.3694166231625191, 0.3739569367537336, 0.3757523305410308, 0.39042022494502937, 0.40296936020706337, 0.3865105353016189, 0.3974150797855664, 0.3988337011595211, 0.4157116174662244, 0.42049667289991655, 0.4196394587374373, 0.4168835964437931, 0.41771807966870256, 0.42340349585400505], "validation_accuracy": [0.8232545829402782, 0.8211814406721967, 0.8401249866280253, 0.8395703074095323, 0.8257266671205031, 0.8250144903575912, 0.8279128244527214, 0.8183745611561166, 0.8272079901193269, 0.8289327900259662, 0.8216819706886326, 0.82048760539547, 0.8190378694311806, 0.8281877814192774, 0.8194517393291643, 0.8263182432629563, 0.8272150602468221, 0.8266827292442649, 0.8146468631779594, 0.8273287268907971, 0.8237391832884359, 0.8275526466784013, 0.823589650578156, 0.8194879846732862], "confusion_matrix": [[[31199, 15093], [3950, 57719]]]}