{"epochs": [1, 2, 3, 4, 5, 6, 7, 8, 9, 10, 11, 12, 13, 14, 15, 16, 17, 18, 19, 20, 21, 22, 23, 24, 25, 26, 27], "training_loss": [0.3543031278837572, 0.2682160737726331, 0.2482716163899425, 0.23770469373457662, 0.23057282554217193, 0.22480854456086885, 0.221022236984089, 0.21740373674862337, 0.21418898212577409, 0.21126057543336446, 0.2015211365329541, 0.1992473276407738, 0.198092107279237, 0.19788768326779277, 0.19686253602496423, 0.19641176409560768, 0.19643487598699422, 0.19551018873850504, 0.19504129993929403, 0.194560629236712, 0.1931226844017791, 0.19320467315207512, 0.192704342193166, 0.19285685810477893, 0.19271121162847638, 0.1930017954865676, 0.1924168813657816], "training_accuracy": [0.8375737611203978, 0.8840784389083667, 0.8943690817612799, 0.8986485815564265, 0.902350970062398, 0.9047329424803092, 0.9062043155781632, 0.9078511906272605, 0.9089509802144242, 0.910006900960938, 0.9141232335171572, 0.9150994560205741, 0.9157604568895397, 0.9155724921170716, 0.916129040718086, 0.9162492346701367, 0.9161890754525196, 0.9165879038603066, 0.9171831739827719, 0.9170197408574352, 0.9176822331074503, 0.9173884660892103, 0.9177339323029025, 0.9175622748274451, 0.9177346695334068, 0.9175899137198587, 0.9177959128424342], "validation_loss": [0.26650592364440456, 0.2631633926550727, 0.2368974390822663, 0.23126373413262594, 0.22667862520070103, 0.2329910796834156, 0.2246120426157559, 0.23106863140046954, 0.2421416205149492, 0.23492564754147152, 0.2776793906003863, 0.2763196503605898, 0.25776689253675655, 0.2774273661134175, 0.29079111562889487, 0.27356221313152035, 0.270592062123431, 0.2893823677457425, 0.3437817256556874, 0.31380373432758485, 0.328866826107132, 0.32767587578877216, 0.33061871474971083, 0.33655592466655043, 0.3371309566814191, 0.3133747261333079, 0.3317086039279385], "validation_accuracy": [0.888982932498274, 0.8967693601874993, 0.9007353905102744, 0.9042696179019127, 0.9010531475196206, 0.8995607184883351, 0.9072430976299994, 0.903594065760938, 0.9005864802046153, 0.9061141528975856, 0.8897279411049628, 0.8900075563811061, 0.8957641864490846, 0.8887750493547412, 0.8828400906376733, 0.888073735497486, 0.889859920059906, 0.8835869956334426, 0.8685145049451992, 0.8769159948262613, 0.8725791669503142, 0.8730744940531184, 0.8724105633734331, 0.8709709317591683, 0.8705787876724986, 0.8778030867379185, 0.8721395353360498], "confusion_matrix": [[[44029, 9696], [6364, 47872]]]}