{"epochs": [1, 2, 3, 4, 5, 6, 7, 8, 9, 10, 11, 12, 13, 14, 15, 16, 17, 18, 19, 20, 21, 22, 23, 24, 25, 26, 27, 28, 29, 30], "training_loss": [0.2711118714298041, 0.0948104998632308, 0.0745130900079395, 0.0668195840034302, 0.06237461076883479, 0.05789137877347504, 0.05567275454723848, 0.05516330522969113, 0.05131509030508686, 0.04984988342538022, 0.04422042530613795, 0.043133491862317484, 0.04252534653054888, 0.0422273436928716, 0.04235510234936249, 0.04185841628796554, 0.04117379965850707, 0.04115646420699768, 0.04088338310783046, 0.04050666918891998, 0.039879886916467946, 0.039896983521010856, 0.039591549432667426, 0.03978636321583353, 0.039645999042147176, 0.03952352452934998, 0.03975918677161955, 0.03977559538812218, 0.03949096057618619, 0.0393518894856214], "training_accuracy": [0.8680057150530757, 0.9666871804801287, 0.9744001349127287, 0.9775885786381932, 0.9792783761754111, 0.9809319159168912, 0.9816511038172171, 0.9817225700874731, 0.9832346669498175, 0.9834649148831848, 0.9852331897803619, 0.9854726380122864, 0.9856535397414805, 0.9857149375247899, 0.985730461857488, 0.9860174293503922, 0.9861715327897296, 0.9860666849881514, 0.9862853997570357, 0.9862899093398982, 0.9865747906822788, 0.986435861801899, 0.986601938745876, 0.9864655238642516, 0.9865198980659414, 0.9866123445146451, 0.9865852870174623, 0.9865403598297379, 0.9865433141686485, 0.9866452981977294], "validation_loss": [0.6207280187028137, 0.34406413107475303, 0.28153106244948817, 0.26227637352339317, 0.21760841636424186, 0.24546336521144357, 0.2266241860635684, 0.22398499239335073, 0.18768809869214237, 0.18165591427461558, 0.2355667360340515, 0.21531335936772858, 0.2829450254003908, 0.2711524681266341, 0.246838233016616, 0.2521287620327062, 0.2868709929163324, 0.22908669623023328, 0.26126487527841524, 0.264515672471571, 0.2491737800256361, 0.24625039997341, 0.25508713612615447, 0.2541105332424536, 0.25832020260475597, 0.2597696131793711, 0.25204336740190936, 0.25615043832593304, 0.25520003406566444, 0.2605485667392127], "validation_accuracy": [0.8336122448979593, 0.9126020408163265, 0.931530612244898, 0.9367244897959186, 0.9401530612244898, 0.9375102040816325, 0.9404999999999997, 0.944234693877551, 0.9351326530612245, 0.9427959183673469, 0.9439489795918365, 0.9431428571428574, 0.9403367346938776, 0.9412755102040813, 0.9404693877551022, 0.9396122448979594, 0.9400306122448983, 0.944234693877551, 0.9423265306122447, 0.9407346938775509, 0.9430306122448979, 0.942918367346939, 0.9427040816326528, 0.9424999999999998, 0.9421836734693877, 0.9415510204081635, 0.9423877551020402, 0.9420102040816324, 0.9422448979591833, 0.942234693877551], "confusion_matrix": [[[33267, 3471], [2135, 59008]]]}