{"epochs": [1, 2, 3, 4, 5, 6, 7, 8, 9, 10, 11, 12, 13, 14, 15, 16, 17, 18, 19, 20, 21, 22, 23, 24], "training_loss": [0.2796847760212441, 0.13213482685081282, 0.10411471171283174, 0.09093101758797376, 0.08298548915360753, 0.08620723825688237, 0.07642082973384896, 0.07913875240948791, 0.0717395547538849, 0.07085439627638396, 0.06436017924867729, 0.06313959211845116, 0.0628412889962028, 0.06238199145898639, 0.062427814548287684, 0.062089821149416156, 0.061389981538106264, 0.061123982353261344, 0.061075560357085196, 0.060746732016502346, 0.05989055094509485, 0.05991486597604352, 0.05983318330961691, 0.059316460807824566], "training_accuracy": [0.8808690844758955, 0.9550619381448908, 0.965640407645213, 0.9701971104231171, 0.9730035602867899, 0.9720069494222371, 0.9753123156098497, 0.9742749165001771, 0.976625839446486, 0.977207067703065, 0.978864354937379, 0.9792846636537266, 0.9793604599734627, 0.9793930380379631, 0.9795558097407141, 0.9796837309636504, 0.9797113829197748, 0.9797906734381598, 0.9799199215076239, 0.9800060953601042, 0.9800728935252262, 0.9801199347252512, 0.9801174386269926, 0.9803405454135684], "validation_loss": [1.081196843960617, 1.1355603434421937, 0.7911872900180884, 0.810104959269953, 0.7935204969072077, 0.7393830329594396, 0.795992934629519, 0.7520145143337487, 0.6989034958661546, 0.7490633502651262, 0.8446572410290869, 0.7956401038173841, 0.8744858311161967, 0.8176070251639056, 0.8302011071030874, 0.8210425191376838, 0.9447686339861534, 0.927446957295187, 0.9609700499956008, 0.965353143319215, 1.0013647832635315, 0.969838439880304, 0.9470463495609853, 0.9962096324547661], "validation_accuracy": [0.7418826037877837, 0.7370962623855514, 0.7739178477361094, 0.7915277185501066, 0.7836866925874828, 0.7751855951335757, 0.7761700426439228, 0.7951231343283581, 0.7980537438856141, 0.802428069735357, 0.7960984572933649, 0.8056170512981314, 0.7942003010159284, 0.8026051360842844, 0.7970385363100464, 0.796080709895899, 0.7871090242066975, 0.7877336009030478, 0.7738296124419917, 0.7755884861407246, 0.7786492537313435, 0.7825757243195786, 0.7850884861407249, 0.7802669007901668], "confusion_matrix": [[[22407, 12047], [1631, 31384]]]}