{"epochs": [1, 2, 3, 4, 5, 6, 7, 8, 9, 10, 11, 12, 13, 14, 15, 16, 17, 18, 19, 20, 21, 22, 23, 24, 25, 26, 27], "training_loss": [0.3012421016798079, 0.16522031753036961, 0.14083820112846182, 0.13004775031370186, 0.12322345502534003, 0.1181800533906094, 0.11514174174400246, 0.11290683810534717, 0.11191712052754636, 0.10833382456557555, 0.10254036714820741, 0.10195270445455545, 0.10143989263653005, 0.10089409609073363, 0.09994110247155405, 0.09987597087831618, 0.10014049896279222, 0.09943644629803093, 0.09925607052988976, 0.09902224476513623, 0.09849197726767019, 0.09780964817640916, 0.09818916130553251, 0.09811722255259189, 0.09743812567782852, 0.09755029461387568, 0.09772908019850839], "training_accuracy": [0.8701386102003299, 0.9415721078017522, 0.9505830731876515, 0.9551584172671277, 0.9577180380761648, 0.9595737668440245, 0.9605775495912933, 0.9615018226559078, 0.9616903742825553, 0.9626307534735178, 0.9639459845941395, 0.9641194510435278, 0.9641996806261829, 0.9644988056204558, 0.9646602039280358, 0.9647539054574967, 0.9646661103803039, 0.9648165433019839, 0.9648122500801716, 0.9649859717668318, 0.9651885058148284, 0.9652822073442894, 0.9650444898199612, 0.9649326402659705, 0.9651619447771257, 0.9651926256061897, 0.9651845954489227], "validation_loss": [0.14619344828698116, 0.13608045834236038, 0.12689247639634862, 0.0977168541867286, 0.09841146682484601, 0.11126556160310522, 0.09623143432112649, 0.1040172560307651, 0.09779038630091609, 0.10658184369990173, 0.09767201131967923, 0.09895820559512895, 0.10377686985325105, 0.10731900405796925, 0.10663866906114168, 0.11378129972301675, 0.1110535233101706, 0.1125546440163863, 0.11469694979071694, 0.12642740370807962, 0.12813248836037253, 0.13314384678051283, 0.13526800513015283, 0.13276892578263264, 0.13544728351749094, 0.13843449460313048, 0.14003524030680964], "validation_accuracy": [0.9553076923076923, 0.9653076923076921, 0.9750256410256409, 0.9787692307692307, 0.9782051282051282, 0.9783333333333334, 0.9797394274126844, 0.9777948717948716, 0.9807415085781369, 0.9780717201632912, 0.9807907094639663, 0.9803804530537098, 0.9789383121214547, 0.9781742842658553, 0.9791209210491206, 0.9764532137997276, 0.9771732436831292, 0.9759660343125484, 0.9746860641959498, 0.9728409509325223, 0.9710173163638305, 0.9695526561541129, 0.9687331839163266, 0.9697096240561383, 0.9690942394407537, 0.9681434403265828, 0.9676049787881212], "confusion_matrix": [[[16140, 757], [283, 22781]]]}