{"epochs": [1, 2, 3, 4, 5, 6, 7, 8, 9, 10, 11, 12, 13, 14, 15, 16], "training_loss": [0.3086829070681296, 0.17069963475911873, 0.1476105400976145, 0.13693716611314868, 0.12860226127430327, 0.12383206080903048, 0.11834004659603976, 0.11426903150460255, 0.11274745812018712, 0.1102073980764773, 0.10231220954150524, 0.10084076963786809, 0.10003786290404182, 0.09951960332925965, 0.09913123921497063, 0.09842562443524036], "training_accuracy": [0.8766664167818733, 0.9407688565661286, 0.9496532085856522, 0.9533867178119173, 0.9560592713748858, 0.9571372841092743, 0.9592850828514123, 0.9603815610984553, 0.9607002777940046, 0.9617174095060076, 0.9638415860220286, 0.9640310700910621, 0.9645213343198914, 0.9646348436759685, 0.9644901895879182, 0.9649585418410996], "validation_loss": [0.31292077823159975, 0.20965333566523325, 0.1268631049957222, 0.1382178585910692, 0.14256331050553575, 0.11878837607218884, 0.14739855468864194, 0.15571757398608427, 0.13882499033337434, 0.14504311745967685, 0.14663228845034984, 0.14640827268382195, 0.1509893766204373, 0.14341130946036756, 0.14750539379775335, 0.15742331912331745], "validation_accuracy": [0.9025166574052025, 0.9278036304940331, 0.9582841681881927, 0.9523471461459077, 0.952631261411447, 0.9627216533036965, 0.959417453891138, 0.9567228969860546, 0.9558646767748937, 0.9605600275197799, 0.9600695668280806, 0.961512423592919, 0.9610558069381594, 0.9620871900717105, 0.9618034981873992, 0.9611136513984809], "confusion_matrix": [[[15492, 1565], [289, 22623]]]}