{"epochs": [1, 2, 3, 4, 5, 6, 7, 8, 9, 10, 11, 12, 13, 14, 15, 16, 17, 18, 19, 20, 21, 22, 23, 24, 25, 26, 27, 28], "training_loss": [0.09821494509217757, 0.06782928316383878, 0.02530366768321068, 0.016889656973133015, 0.01345346417033337, 0.010538807007200692, 0.009459497780311986, 0.009285378351716047, 0.008209745077916292, 0.007152432979919484, 0.005411831872442663, 0.005107516025317153, 0.004770834296778908, 0.004821559650894335, 0.004861645415488679, 0.004803306128018111, 0.00463140065784413, 0.004643177981347564, 0.004528479023316315, 0.004227566426938544, 0.004151071381144708, 0.003985821441599803, 0.0041253412658342516, 0.004065785537060572, 0.004011942955125246, 0.004039359655401129, 0.004025298913305674, 0.004080939671774668], "training_accuracy": [0.9630252414847342, 0.9734108747550557, 0.9918708359413599, 0.9952054295141395, 0.9961455576559579, 0.9969930896520932, 0.9971852551984893, 0.9972841892372222, 0.9976062013845877, 0.9979168241966009, 0.9983680004026089, 0.9984328922495302, 0.9985582913166187, 0.9984839319470735, 0.9985645977561064, 0.9984883480273924, 0.9986370510396999, 0.9985841367097721, 0.9985992438563355, 0.998714555765599, 0.9987466918714598, 0.998784499054824, 0.9987032136105886, 0.9987624501067879, 0.9987586693884519, 0.9987101554120612, 0.9987561436673, 0.9988185255198522], "validation_loss": [0.2860284299317485, 0.39199152329239495, 0.456555297541056, 0.41841192439300473, 0.3663384501338238, 0.44535389061524855, 0.48222860783527693, 0.27186721223194754, 0.3244739928702893, 0.4308923885768456, 0.41422979907616725, 0.3723315942634723, 0.40493424188624394, 0.3905117927255512, 0.4047809705010622, 0.3727632476233269, 0.35268511788311435, 0.33069699282444104, 0.34560487735608747, 0.392847200104359, 0.38516953326890274, 0.39022346739781183, 0.38039931631001783, 0.38618520727363403, 0.38170561210486353, 0.38332027100511873, 0.3786151033325924, 0.39018426849539745], "validation_accuracy": [0.9090847457627119, 0.9587966101694916, 0.9598474576271186, 0.962915254237288, 0.9627627118644068, 0.9631186440677966, 0.9623898305084746, 0.9632542372881355, 0.9625084745762711, 0.9643559322033899, 0.9641694915254236, 0.964135593220339, 0.9640677966101695, 0.964457627118644, 0.9645932203389831, 0.9642881355932202, 0.9649491525423728, 0.9643050847457627, 0.9646440677966102, 0.9645084745762713, 0.9646440677966102, 0.9644237288135594, 0.9646101694915256, 0.964457627118644, 0.9644067796610171, 0.9645084745762713, 0.9645593220338984, 0.9645084745762712], "confusion_matrix": [[[27827, 48], [2120, 28206]]]}