{"epochs": [1, 2, 3, 4, 5, 6, 7, 8, 9, 10, 11, 12, 13, 14, 15, 16, 17, 18, 19, 20, 21, 22], "training_loss": [0.3568448565054046, 0.1936748256462985, 0.16494863465395165, 0.15010281398328215, 0.17877071471947073, 0.1631426017872475, 0.1473770895952106, 0.13973697854044176, 0.13418295234441757, 0.12908019256551972, 0.11934592634572218, 0.11751504091417338, 0.11713695580882325, 0.11649428945208977, 0.11518003006687674, 0.11462947366165956, 0.11399271647821291, 0.11397773236500924, 0.11322730417904715, 0.11252228115874038, 0.11161200549528169, 0.11128219950504452], "training_accuracy": [0.831793284468869, 0.9256171770314034, 0.937009016711831, 0.9451614618887056, 0.9341157071901545, 0.9407352883715909, 0.9477824152284285, 0.9508459160478167, 0.9533742015854523, 0.9551839473569297, 0.9588102100528408, 0.9596275819904803, 0.9599063346825081, 0.9601866732861242, 0.9605075284832026, 0.9606458268690194, 0.9609836444248312, 0.9607367133935986, 0.9610860943134732, 0.9615988425143831, 0.9617656666229969, 0.9618995106658298], "validation_loss": [0.2803270559192502, 0.21965216725532496, 0.33706600278882043, 0.4209049912668498, 0.7669144823942459, 0.59143226114663, 0.5346132314597136, 0.3706307074618443, 0.4513572343857959, 0.3609387516049277, 0.4091750688257889, 0.39589055079678864, 0.4349502580180342, 0.414965914511153, 0.40211988302767815, 0.42002297798587407, 0.3989739991021842, 0.3692672113886926, 0.395748358509601, 0.4428492176591265, 0.39922365687029276, 0.4057784549734476], "validation_accuracy": [0.9234810002948545, 0.9326941434468522, 0.8665530001474272, 0.8308571428571428, 0.7345719998525724, 0.8553288552263009, 0.8686038625976705, 0.92715728659885, 0.8972857142857139, 0.9148922858617129, 0.9161405720182808, 0.9123905720182809, 0.907033429161138, 0.9038030001474275, 0.9066060002948547, 0.9048565715759994, 0.9061054290137107, 0.921498286156568, 0.9149084291611381, 0.8990172858617133, 0.9074977148754239, 0.9049458572902845], "confusion_matrix": [[[23599, 715], [4000, 27655]]]}