{"epochs": [1, 2, 3, 4, 5, 6, 7, 8, 9, 10, 11, 12, 13, 14, 15, 16, 17, 18, 19, 20, 21, 22, 23, 24, 25], "training_loss": [0.35454189143494136, 0.1757921448396415, 0.15186701615430198, 0.14019131229024687, 0.13216296175208547, 0.12526805338787872, 0.12018412142527396, 0.11562240863828722, 0.11171518968115406, 0.10804019229515624, 0.09822803880098402, 0.09622084238215915, 0.09517817199230194, 0.0949598297327425, 0.09359127891256178, 0.09335852879823449, 0.09204134692693075, 0.09207444555874922, 0.09181348073455964, 0.09098488197792612, 0.08986421934181704, 0.0889675403241989, 0.08871793891313612, 0.08856926402927506, 0.08934319764375687], "training_accuracy": [0.8236217354324207, 0.9360999770561942, 0.9469154833611049, 0.9518672086658062, 0.9544217743673657, 0.9577020364366187, 0.9591995091416006, 0.9610573317048644, 0.9621576448067052, 0.9635093571330918, 0.9671539135412494, 0.9677808912857571, 0.968203782715203, 0.9679677025370302, 0.9684380876453402, 0.9686764853796976, 0.9690302441081938, 0.9692018266977852, 0.9692252734136915, 0.9694898548978071, 0.9701441913930609, 0.9703240499757825, 0.9703368127576838, 0.9703030436465359, 0.9702117296153565], "validation_loss": [0.48428804422396105, 0.3015274173230864, 0.30796170405769124, 0.2545926323603323, 0.2317319595063704, 0.26091192284015313, 0.29299409676124405, 0.23176150348006427, 0.2950504789271398, 0.2926135504033332, 0.2997809526363438, 0.3016824719629706, 0.32865141293498923, 0.3239109193924981, 0.33134180702756616, 0.3581271941717747, 0.3900743294590698, 0.39844633858197503, 0.43789445368076024, 0.40702062598631045, 0.44879527192637614, 0.4452731980035531, 0.44692261213107976, 0.4617732743790547, 0.43746618309845864], "validation_accuracy": [0.8813928571428573, 0.892125, 0.9032678571428571, 0.9211250000000001, 0.9210178571428569, 0.9311964285714287, 0.909107142857143, 0.9194821428571428, 0.9127142857142857, 0.8824999999999997, 0.8807142857142857, 0.8851250000000002, 0.8818392857142854, 0.871107142857143, 0.8683928571428571, 0.8611785714285715, 0.8551964285714286, 0.8491607142857144, 0.8486785714285713, 0.8570714285714286, 0.8476607142857143, 0.8501071428571431, 0.8495178571428574, 0.8477142857142856, 0.8504464285714286], "confusion_matrix": [[[18090, 5992], [576, 31303]]]}