{"epochs": [1, 2, 3, 4, 5, 6, 7, 8, 9, 10, 11, 12, 13, 14, 15, 16, 17, 18, 19], "training_loss": [0.27217001224276405, 0.16483146648080843, 0.14647945000221893, 0.13352977135365116, 0.12639809931692836, 0.12365497367561988, 0.11658924478311208, 0.11212999729802774, 0.10976416788667252, 0.10738204351667338, 0.10189270881830521, 0.10105538440856544, 0.09976858858886005, 0.09927308170488046, 0.09897684137213905, 0.09843133603158237, 0.09862771140610647, 0.09769214947456084, 0.09778956920142819], "training_accuracy": [0.8882153580848037, 0.9420626738394883, 0.9492118763866262, 0.9541242089280696, 0.9566806850830175, 0.9578617988337627, 0.9601136263980787, 0.9615979031276385, 0.9623367692196946, 0.9629235891596148, 0.9641718892139354, 0.9643575514237662, 0.964684467830287, 0.9646596934534918, 0.9648035818297245, 0.9652157867525317, 0.9649727550572971, 0.9651195786621637, 0.965076191598113], "validation_loss": [0.16199693345846847, 0.18339024708630183, 0.13830875324903247, 0.14826058433689654, 0.11510028491298166, 0.13118458835798755, 0.13193870302385244, 0.11073021673692916, 0.09099238725544777, 0.10146277576896888, 0.11304973107605922, 0.12348423832736444, 0.12136208470138417, 0.12895304495573212, 0.1344472569483351, 0.15750944640221393, 0.14641922464558704, 0.15831064377397736, 0.16841482948887995], "validation_accuracy": [0.9578023693268229, 0.945504789348702, 0.9693627631473626, 0.96656202139865, 0.9736923076923074, 0.9710256410256408, 0.9731261239627526, 0.978277888951146, 0.979486138904453, 0.9791538461538457, 0.9778963953147093, 0.9748419915152482, 0.975147602657488, 0.9744511326342754, 0.972993756503642, 0.9664019317484459, 0.9695578590677447, 0.960603938205395, 0.9550685984151125], "confusion_matrix": [[[15772, 1125], [269, 22795]]]}