{"epochs": [1, 2, 3, 4, 5, 6, 7, 8, 9, 10, 11, 12, 13, 14, 15, 16, 17, 18, 19, 20, 21], "training_loss": [0.37145671306384936, 0.2791744532546511, 0.2630550340231922, 0.2553816701113074, 0.2663601270566384, 0.25793904231654274, 0.2524987534654361, 0.24743173108608635, 0.24338482836330377, 0.24017737516098553, 0.2300755436497706, 0.22778160505824618, 0.22660241307759726, 0.22604844281794848, 0.22528148850908986, 0.22487691689144682, 0.22380528844617031, 0.2232427913143679, 0.22214548397395345, 0.2220252226072329, 0.22104179372114163], "training_accuracy": [0.8190756705977579, 0.8760320152618791, 0.8843333786179506, 0.8885470179596868, 0.8832904613250062, 0.887473418892356, 0.8906456546036129, 0.892368727598566, 0.894302798974833, 0.8960833921069863, 0.9006552144756613, 0.9021635718965572, 0.9024898735884663, 0.9025845810691024, 0.9033232444983991, 0.9034505472694335, 0.9037314651019376, 0.9040880217366158, 0.9046530620110212, 0.9048102198712755, 0.9051590549967212], "validation_loss": [0.30303538634108185, 0.3181868675095377, 0.311577118363287, 0.32277051070852747, 0.3415861128266456, 0.3160303889112651, 0.33262538687246085, 0.3207538298404178, 0.32788775805097226, 0.3189583749696265, 0.32417364920656294, 0.3228475647559737, 0.3264149083949646, 0.32841105354948097, 0.3376636558704064, 0.33013787012853063, 0.3321672118557339, 0.3257588176091494, 0.340842136872564, 0.34218949347051597, 0.34011792933912394], "validation_accuracy": [0.8707881404631369, 0.8568872520850481, 0.8609612732383862, 0.8614186171121495, 0.8456277276468852, 0.8589052526131047, 0.8530543976268502, 0.8585385636852154, 0.8578405112833335, 0.8595626601643186, 0.8561688927889167, 0.8610706664388771, 0.8634166757264665, 0.8607685247021912, 0.8524140587385648, 0.8632399940981872, 0.8564425893425688, 0.8601473045801172, 0.854280227375091, 0.8535785174025808, 0.856384207992296], "confusion_matrix": [[[58408, 13268], [6932, 56353]]]}