{"epochs": [1, 2, 3, 4, 5, 6, 7, 8, 9, 10, 11, 12, 13, 14, 15, 16, 17, 18, 19, 20, 21, 22, 23, 24], "training_loss": [0.1952003592551013, 0.05171370298070656, 0.06482946022253877, 0.05299643443919964, 0.03205616357034166, 0.02848716878672768, 0.024882521483550038, 0.01701286005298486, 0.013915592696407948, 0.012888529251992987, 0.009469033214481518, 0.008763344635609118, 0.008413761500083555, 0.00816423580876876, 0.008263860603203704, 0.007932381062248667, 0.00797580923111157, 0.007708862245743013, 0.0075525508695596785, 0.007305679511540348, 0.007126579635156774, 0.007226237597063416, 0.007023719578627917, 0.007054716800993221], "training_accuracy": [0.9034137154424898, 0.9791484931238238, 0.9768464229173224, 0.9792114673118475, 0.987199350014563, 0.9886297274617422, 0.9916354804384399, 0.995205671079686, 0.9960196466316993, 0.9964471403812853, 0.9974945310675196, 0.9976452965450457, 0.9978024263431573, 0.9977937608318924, 0.9978035913569848, 0.9978902464696363, 0.997879847856118, 0.9979052618829991, 0.997961886168923, 0.9980473762677488, 0.9980479587746626, 0.9979821008890475, 0.998115549762531, 0.9980491093700009], "validation_loss": [0.0751285121596652, 0.07275745898918018, 0.07746906243998808, 0.0369777906772914, 0.038115573663039415, 0.04732437579631277, 0.17291997150065888, 0.20081667759272473, 0.17101066835911244, 0.5786026827181421, 0.8937376248504636, 1.1713237727225672, 1.9487394692536697, 1.6586612313435807, 2.8628620937189706, 4.454273218030634, 6.232102782256112, 4.8211567394167085, 6.932703953851776, 5.683893313447289, 7.042360903556714, 7.469044157415951, 7.653025053108099, 7.572360002805022], "validation_accuracy": [0.9687822905827264, 0.9728105976847035, 0.9686562499999999, 0.9781718749999999, 0.985625, 0.9848281249999999, 0.974484375, 0.9376249999999997, 0.9642031249999999, 0.8690624999999997, 0.8367656249999998, 0.8131875000000001, 0.7850312499999998, 0.8002187500000001, 0.7572656249999999, 0.732015625, 0.689890625, 0.7009843750000002, 0.6739999999999997, 0.6978437500000001, 0.6636249999999999, 0.6535625, 0.6478749999999999, 0.6512656249999998], "confusion_matrix": [[[28594, 49], [1348, 33970]]]}