{"epochs": [1, 2, 3, 4, 5, 6, 7, 8, 9, 10, 11, 12, 13, 14, 15, 16, 17, 18, 19, 20, 21, 22, 23, 24], "training_loss": [0.5517460065125261, 0.38613161516999733, 0.36182055701908555, 0.3496774854590592, 0.337250421709806, 0.3298845562396698, 0.32280596244393045, 0.31887660530007, 0.3151255296995339, 0.3109989071499954, 0.30049536189118636, 0.2986087173368167, 0.2972481362883327, 0.2963118587159416, 0.29623360982508334, 0.2951983126260123, 0.29496757111069066, 0.2953269549292847, 0.2939401725035848, 0.2939772817478018, 0.2918597946974259, 0.2923392684569637, 0.29198779925269985, 0.2916551885891308], "training_accuracy": [0.6852150823878844, 0.8187787801945791, 0.8309070976834418, 0.8366745097643035, 0.8438559929482852, 0.847822800379863, 0.8522494923370687, 0.8535929073679329, 0.8554782386874524, 0.8576865194023221, 0.8633277532505588, 0.864044300536457, 0.8652514623723275, 0.8654054231534722, 0.8656389253710243, 0.8660661098370435, 0.8662375534182648, 0.8659890309447082, 0.8664232999605992, 0.8663873847024234, 0.8681595602275143, 0.8677827202650976, 0.8676685440934314, 0.8677309613772066], "validation_loss": [0.458735153809482, 0.4039946302187209, 0.39882521557749484, 0.3886918151276369, 0.40037413894691887, 0.393170453279334, 0.39416226649693414, 0.3986874921064751, 0.4021833755587246, 0.4238569015527473, 0.4116337148143965, 0.4107758979513949, 0.41885401852721094, 0.4221363797345582, 0.4344651387894855, 0.4447961253862755, 0.4502037841023183, 0.45986268771629707, 0.45818520943615954, 0.46972933776822745, 0.4768265154139668, 0.4773120726732647, 0.4823387253518198, 0.48273666787381264], "validation_accuracy": [0.7726289812491073, 0.7804161922833651, 0.7836729713737732, 0.7862524535308401, 0.7884951949562342, 0.783909856970884, 0.7919281589847177, 0.7912818959009201, 0.7821902226030892, 0.7821841423353942, 0.7837432209095918, 0.7821894268633574, 0.7688420558650096, 0.759682805900716, 0.756077349982657, 0.7511041194833814, 0.7517103711411722, 0.7418100018363225, 0.7393778335475711, 0.7455127012303364, 0.7396327355083553, 0.7418068188773951, 0.7409824937258983, 0.7417652159719245], "confusion_matrix": [[[19444, 6093], [7425, 18999]]]}