{"epochs": [1, 2, 3, 4, 5, 6, 7, 8, 9, 10, 11, 12, 13, 14, 15, 16, 17, 18, 19, 20, 21, 22, 23, 24, 25, 26, 27, 28, 29], "training_loss": [0.33059785810281644, 0.20512978371771626, 0.1825143648955807, 0.17050077501426703, 0.1635056087899508, 0.15796826805614825, 0.15262725520527587, 0.14996210773879626, 0.1467072935130611, 0.1434968172472978, 0.13702431332858853, 0.13468919223490752, 0.13361124249186906, 0.134769830196721, 0.1334230991654426, 0.1326057788851501, 0.13251589482310433, 0.13218677453931021, 0.13189444754202412, 0.1319336324180447, 0.13099033694784595, 0.13094648088580407, 0.13043771215579794, 0.1309515639624131, 0.1304501119368481, 0.12953107942294026, 0.12989570952530177, 0.13036350275641717, 0.1301466755381545], "training_accuracy": [0.8560373367812781, 0.9263842543817651, 0.9352609903265965, 0.9403809181751421, 0.9432644701976184, 0.9457142993966093, 0.9476168630080131, 0.948745841713756, 0.9502713341633945, 0.9512592823165101, 0.9534161798039775, 0.9541492673115601, 0.9544667815981879, 0.954036059764391, 0.9547683331737061, 0.955033106662836, 0.9548151198799604, 0.9549693515946752, 0.9553277942725792, 0.9553873032595854, 0.9553938798965617, 0.9553751077483001, 0.9555133288637733, 0.955457347635923, 0.9557280273281621, 0.9558091179005843, 0.9557741914886827, 0.9554754014621846, 0.9558560482712385], "validation_loss": [0.15040808868331787, 0.12048610887275292, 0.1277196400631697, 0.13667750815884808, 0.145451574640062, 0.12456601714858642, 0.15057632834531176, 0.1666856316777949, 0.11728979309256642, 0.13684826165151137, 0.17900933178428274, 0.17571320291160822, 0.19298423055069855, 0.20855508797028913, 0.23767209297586353, 0.25616583538514814, 0.21937973344197068, 0.3344294221598643, 0.3089215916561676, 0.3063695489095736, 0.3298097683596447, 0.3312518554769504, 0.3282474097365757, 0.33799258303443847, 0.3562141290978896, 0.3902681219073062, 0.3892371336651894, 0.3912905572394196, 0.41313849985789813], "validation_accuracy": [0.9618698425094363, 0.9672812703371079, 0.9682804893921645, 0.9666375113887806, 0.967255629311467, 0.9685862293374985, 0.9598458935311729, 0.9553009241181829, 0.9656448002082518, 0.9634305609787841, 0.9523125081348431, 0.9520948848106209, 0.9505335155538199, 0.9474495639724065, 0.9385672263438761, 0.9269833398412077, 0.9455859690225171, 0.8341188337888844, 0.9025535598073671, 0.8528874137706624, 0.8445151633476505, 0.8435159442925939, 0.8442599245086553, 0.8383372380580499, 0.8232059091500715, 0.792125862293375, 0.7934572432643499, 0.7937929194325135, 0.7799207340882468], "confusion_matrix": [[[9878, 7499], [512, 22096]]]}