{"epochs": [1, 2, 3, 4, 5, 6, 7, 8, 9, 10, 11, 12, 13, 14, 15, 16, 17, 18, 19, 20, 21, 22, 23, 24, 25, 26, 27], "training_loss": [0.3995586778830599, 0.30745022116159954, 0.2895658210747772, 0.2808784835730438, 0.2736088648852375, 0.26881974518851, 0.26435138221692156, 0.26040290042206093, 0.2569092532412873, 0.2542195137728144, 0.24299332771312307, 0.24110353390375774, 0.239658842139222, 0.23871896151039335, 0.238156634417397, 0.2370446514338255, 0.2369924686987091, 0.2354941157417165, 0.23524918136773287, 0.23493941867793047, 0.23301257917450535, 0.23270299711989031, 0.23241104456009687, 0.23250412987890068, 0.23184503454852987, 0.2319241891718573, 0.232128868997097], "training_accuracy": [0.798593734472348, 0.8591249197339776, 0.8693508676375042, 0.8741486899438151, 0.8786004156633405, 0.8810117045063638, 0.8833989269196942, 0.8852301637809106, 0.8872004156633395, 0.8886166972441971, 0.8939111416886417, 0.8948567786568815, 0.896014748882007, 0.8965804600007639, 0.8966080600466285, 0.8972942896456814, 0.8973185118296815, 0.8983643045522297, 0.8985053118908378, 0.8983222451553703, 0.8994985934334743, 0.9001033711730301, 0.9000557265986319, 0.8999824007185697, 0.9002076969384226, 0.9001295933188074, 0.8999874230783911], "validation_loss": [0.40123309936016494, 0.35129934467406554, 0.32592640570086884, 0.31635514669704123, 0.3429262285833612, 0.3089450965948236, 0.29439927797517806, 0.3139076655423929, 0.3148209156782137, 0.3038832968515309, 0.3088399121961765, 0.313860432566717, 0.3170927500477366, 0.3072425360789648, 0.3201869526250747, 0.3135629061838862, 0.3083976857536194, 0.3180480086702485, 0.3227979083173672, 0.31970983988443846, 0.318755842131083, 0.31903072882360267, 0.3216670648205275, 0.31810215545588855, 0.32035509870325063, 0.31927149606965927, 0.3187832769420026], "validation_accuracy": [0.838829505722163, 0.8455459852440581, 0.851090761363461, 0.8583954145680266, 0.8548973245228961, 0.8610417417556178, 0.8675092032099562, 0.8628149962262988, 0.8663857415707841, 0.8646134420775377, 0.8675079478767153, 0.8670780385995714, 0.866101859125425, 0.8614393512314583, 0.8647843676355065, 0.8593517089475223, 0.86236042696733, 0.8604754709425008, 0.8600101581873909, 0.8597776211820154, 0.860576367389061, 0.8597913528333564, 0.8588801888390861, 0.8599714122884031, 0.8590602482941326, 0.8599035318762228, 0.859208547048041], "confusion_matrix": [[[61318, 11014], [9647, 52990]]]}