{"epochs": [1, 2, 3, 4, 5, 6, 7, 8, 9, 10, 11, 12, 13, 14, 15, 16, 17, 18, 19, 20, 21, 22, 23, 24, 25], "training_loss": [0.5920640871796793, 0.4052147475405804, 0.3753587806832443, 0.3602876891788927, 0.3490709032393196, 0.34088964145449757, 0.3345536290875916, 0.327997914434058, 0.3233582522105245, 0.31867215637732477, 0.3077957609180108, 0.30536184011443146, 0.3046811779291884, 0.3038412988981576, 0.30348150555080583, 0.30270582914931105, 0.30248303588443587, 0.30127359637357654, 0.30048845534764446, 0.3002497352732038, 0.29871893732003796, 0.2977575919437177, 0.2974704695702757, 0.29764548877199876, 0.29758021307801735], "training_accuracy": [0.6490497383389067, 0.8144717097885498, 0.8298822979703595, 0.8366147520281259, 0.8412807502298376, 0.8447996120545959, 0.8485634856490509, 0.851101863451301, 0.8539495064809116, 0.856065814331754, 0.8616916692765431, 0.8623990634755472, 0.8627844932968293, 0.8636093066486173, 0.8637631057858427, 0.8636971146560531, 0.8639477688087861, 0.8645533197619791, 0.8647579912712291, 0.8649523276724289, 0.8657974803754184, 0.8664604957416934, 0.8661639852297882, 0.8659014553004054, 0.8659263181556432], "validation_loss": [0.5203579093019167, 0.4483935169729532, 0.4593520136732681, 0.4467257885079758, 0.44316496232561037, 0.4436752685144836, 0.44414567085457785, 0.45071081232790855, 0.4588538054742065, 0.4506010581903598, 0.46910061322006524, 0.46783849144098805, 0.47276609653935714, 0.46996252939981575, 0.467014791042197, 0.4715496504715845, 0.47941050970671223, 0.4826755509072659, 0.4823093510725919, 0.5017450646150345, 0.49586063813345105, 0.4957636325967078, 0.4957299079088604, 0.4958322083248812, 0.5019438986976942], "validation_accuracy": [0.7510004488788232, 0.777219256901512, 0.7686879067964335, 0.7752314174369022, 0.7627226949052254, 0.7762788761706557, 0.7711453755279427, 0.7615873171328885, 0.7619845340841849, 0.7687415682193792, 0.753074105812981, 0.754773907898227, 0.7474169880230969, 0.7498115321050377, 0.7471424782191753, 0.7514753014629368, 0.7446705841545775, 0.7430335842974025, 0.7470738813735691, 0.7421094040113444, 0.7401342963824449, 0.7400126706249619, 0.7412159107139215, 0.7411711248495234, 0.7393571443145416], "confusion_matrix": [[[17588, 7506], [5233, 21634]]]}