{"epochs": [1, 2, 3, 4, 5, 6, 7, 8, 9, 10, 11, 12, 13, 14, 15, 16, 17, 18, 19, 20, 21, 22, 23, 24], "training_loss": [0.2257637183642617, 0.07888839263030242, 0.06391232821500084, 0.05703805392005778, 0.053198326789879694, 0.05035156643763982, 0.04845996004403658, 0.04615541826534769, 0.04446298042930487, 0.04203955543963378, 0.036211649500376024, 0.03497631537550522, 0.03446194057091592, 0.033831216131658064, 0.03337330789339172, 0.032878931869036766, 0.03267842763536301, 0.03232050224604201, 0.032055432567217365, 0.031874666177932914, 0.03086401667641336, 0.03085578807053302, 0.030561843603785596, 0.0306125554621092], "training_accuracy": [0.8960836530987811, 0.9729318047060058, 0.9784669968264105, 0.9808419150289256, 0.9820102888180925, 0.9829492609808326, 0.9835727129730057, 0.9842399223960749, 0.9845848159287753, 0.9854155112611728, 0.9871207991422424, 0.9874491672785517, 0.9875144777710563, 0.9878821348145502, 0.9880886331448054, 0.9882521651372221, 0.9883196169573513, 0.9884192347749174, 0.9885929158000507, 0.9887553310455679, 0.9890297466351692, 0.9890720140461289, 0.9892526305764412, 0.9890682905323881], "validation_loss": [0.22802632467017395, 0.18394956795865744, 0.19660587247725994, 0.18173438952356016, 0.18833805008498658, 0.21737811238095367, 0.1898410439201748, 0.20960831175054076, 0.21029979855878514, 0.23506384623825216, 0.24675060473432409, 0.2536433824806728, 0.25345938647688643, 0.25503553859368194, 0.2531118040624568, 0.24164484964646468, 0.261629213656211, 0.26318542204739587, 0.2721831263525901, 0.25937283927283955, 0.25480552301392695, 0.25492403468315206, 0.2566492401970315, 0.2646628030411886], "validation_accuracy": [0.9394389726966712, 0.942333203465902, 0.9430735880812864, 0.9543116506669986, 0.9589870496197481, 0.9561687445455676, 0.9585135737439221, 0.9558421487345717, 0.9563464655279887, 0.9517748410422637, 0.9545881747911729, 0.9523637015334745, 0.9521365789801769, 0.9536568071312799, 0.9496140287994013, 0.9534863795038024, 0.9484144277521505, 0.9472585868345588, 0.9478510940032415, 0.9478643560653285, 0.9494097836928065, 0.949838829323027, 0.9495865072933548, 0.9486020913851143], "confusion_matrix": [[[36225, 2173], [2555, 62664]]]}