{"epochs": [1, 2, 3, 4, 5, 6, 7, 8, 9, 10, 11, 12, 13, 14, 15, 16, 17, 18, 19, 20, 21, 22, 23, 24, 25, 26, 27, 28, 29, 30], "training_loss": [0.2735165929412607, 0.13442896738379265, 0.1125640443760186, 0.09890900374266315, 0.10133181408365763, 0.08535155569538107, 0.08106445329040533, 0.11934397356165649, 0.10549540910105204, 0.08323412638750961, 0.07533204295536372, 0.07378863929870288, 0.07206825552315548, 0.07154686572198406, 0.07072898815271303, 0.06987268823292259, 0.06934383039917852, 0.0684363752823745, 0.06734082458176832, 0.06715723644630076, 0.06561742699743296, 0.06572195641048044, 0.0655722562743623, 0.06543233627927518, 0.06552197587216037, 0.06522792385667807, 0.06520312796966196, 0.0652746441720546, 0.06535989485913506, 0.06494599823612102], "training_accuracy": [0.8850438206643669, 0.9514560622914358, 0.960381237729583, 0.9658470001657433, 0.964922600465785, 0.9709979342126169, 0.9723909139528645, 0.9575424238230233, 0.9631920276668563, 0.9716397704225057, 0.9745814567816435, 0.9751951118241994, 0.9755781060710919, 0.975824278213206, 0.9761639131378267, 0.9763419194223312, 0.9765612192417245, 0.9769311438379231, 0.9774109515778755, 0.9773499296880477, 0.9779884151873824, 0.9778426738020922, 0.9780562717749205, 0.9779967586446104, 0.9781710810270506, 0.978105532858663, 0.9780630398343276, 0.9781463172085739, 0.9780116036080378, 0.9782005044006922], "validation_loss": [1.0259971254362266, 0.8932204675768523, 0.6633999325486403, 0.38449222174588726, 0.23523455835253337, 0.18105037652349565, 0.20566239064751482, 0.5642433738684545, 0.24997501574643372, 0.178778145538453, 0.19512989597916558, 0.1641127006301605, 0.17124249295217817, 0.17523289757096416, 0.1593006922975377, 0.17329354426431542, 0.1822188253512767, 0.18861078856908547, 0.18805681443495756, 0.18800785533700212, 0.19912326273696726, 0.1968151569272314, 0.20359695288050936, 0.19754467545966092, 0.21053340273255852, 0.20112494577520748, 0.2087498430865361, 0.2057421889355953, 0.212119413990154, 0.21440442664074694], "validation_accuracy": [0.7257217366339159, 0.750236442516269, 0.7454411764705879, 0.8325588235294119, 0.8978968355237974, 0.9363821296414444, 0.9118332589000894, 0.7529679086385097, 0.9000016587980095, 0.9456215069541917, 0.9305409595508485, 0.9463649355620773, 0.937440953170856, 0.9340185657777209, 0.9372448003062396, 0.9350414061503126, 0.9350194589766493, 0.9282224065331122, 0.9308160648207222, 0.935362447365063, 0.9304481944621665, 0.9276712708944749, 0.9267153885415337, 0.9283183297180042, 0.9251418591297689, 0.9273771532474161, 0.926112447365063, 0.9269506826591809, 0.9245389179532983, 0.9247742120709457], "confusion_matrix": [[[32250, 2028], [2230, 30953]]]}