{"epochs": [1, 2, 3, 4, 5, 6, 7, 8, 9, 10, 11, 12, 13, 14, 15, 16, 17, 18, 19, 20, 21, 22], "training_loss": [0.12020937830170994, 0.03891438956935753, 0.033644339750864685, 0.025904326933715333, 0.01882135888490587, 0.01600770712822056, 0.013511637009057238, 0.014340497937498928, 0.011145987078237576, 0.011362473965030118, 0.00840106638482541, 0.008258153783904786, 0.00814949933207873, 0.007801883713244598, 0.007756209957992022, 0.007670700442844089, 0.007504461981308529, 0.0074453803895653085, 0.007396553122306136, 0.007282400609073156, 0.006844992907370798, 0.006923714654069826], "training_accuracy": [0.9496118139322972, 0.9852391969478972, 0.9875887010960952, 0.9915910022867741, 0.9947042220216469, 0.9954910504445234, 0.9963171721307951, 0.9960993837538276, 0.9969000769947292, 0.9969075774921663, 0.9976701424835018, 0.9977590987868323, 0.9977619969029123, 0.9977983920502258, 0.9978792653492046, 0.9978284372954405, 0.9978619343266742, 0.9978613518197604, 0.9978994944878141, 0.9979093105944215, 0.9981132341533642, 0.998042759467903], "validation_loss": [0.1723392254359446, 0.1096136979113993, 0.1786460998235353, 0.16218337590383963, 0.16861953465117568, 0.19246246259047656, 0.25828722799172266, 0.17098422870990185, 0.22817824682796461, 0.17183191356535826, 0.18558978650351202, 0.19341840174521263, 0.17212574313924395, 0.1802077984476411, 0.18466533050401768, 0.18289316080668896, 0.16548103519031304, 0.18320800412834207, 0.16745477597654512, 0.16358003991110473, 0.16832822199720354, 0.16894152511192678], "validation_accuracy": [0.9222713807232049, 0.9605684020551508, 0.9538338482049948, 0.9541056354058273, 0.9594635633454734, 0.9759953336368367, 0.9411438605619147, 0.9590874414672215, 0.9531486569979186, 0.96812417078564, 0.9617245707596253, 0.964136348855359, 0.9658127113683662, 0.9555853440426638, 0.9596003837148803, 0.9582610724505722, 0.9593094432882413, 0.9560809540842871, 0.9596142852497399, 0.9628607570239333, 0.9595017885015609, 0.9587908266129032], "confusion_matrix": [[[28595, 48], [2449, 32869]]]}