{"epochs": [1, 2, 3, 4, 5, 6, 7, 8, 9, 10, 11, 12, 13, 14, 15, 16, 17, 18, 19, 20, 21, 22, 23, 24, 25], "training_loss": [0.2555733854775546, 0.12007197063477312, 0.09781436787032691, 0.09273983249288113, 0.09605879819051164, 0.07718990387120207, 0.07296335622668267, 0.07879223131620493, 0.0928097350553411, 0.06968719913456284, 0.06378349589458743, 0.06324640389715062, 0.06244700679891422, 0.06215425607000218, 0.061243643324638976, 0.06076883844970191, 0.06082923100864301, 0.06094265589337857, 0.06041311996027095, 0.05986520403721293, 0.0587730965134306, 0.05919461653980075, 0.059259126616305995, 0.058558429334862314, 0.05888212741825913], "training_accuracy": [0.8948337868172231, 0.9581806679817709, 0.9669968165430917, 0.9691198421876069, 0.9676980409495968, 0.9750941024420104, 0.9767652540643488, 0.9743056934902384, 0.9693624651384257, 0.9776863206584598, 0.9796922182164493, 0.9798130399292574, 0.9801186926059455, 0.9801830419699351, 0.9804721311475404, 0.9805533637167563, 0.9805367253928308, 0.9805181280185025, 0.9806711516223404, 0.9807400040813556, 0.9810477110400668, 0.9811861506020008, 0.9809659887082516, 0.9812915583973887, 0.9811091014216727], "validation_loss": [0.4870172835964811, 0.4142538216003699, 0.5097930227026901, 0.4420004454479746, 0.2603245950138367, 0.43066965104219457, 0.46812198324838405, 0.42530242206446606, 0.4207111000061902, 0.39802982327181247, 0.465821447097358, 0.4822436349438527, 0.45117383098593467, 0.48541727399858975, 0.455710171171207, 0.46508663477274104, 0.4249175868425001, 0.45548756736813917, 0.4731553411177333, 0.5127282780585102, 0.4751818805550285, 0.47154562828362984, 0.4725602438408639, 0.4748942595387522, 0.4678636713243508], "validation_accuracy": [0.8386029411764707, 0.8588235294117645, 0.8464558823529412, 0.8738676470588237, 0.9269411764705882, 0.9290588235294117, 0.9349705882352942, 0.8507941176470589, 0.9249705882352941, 0.9297794117647059, 0.9340147058823528, 0.9323088235294118, 0.9315000000000001, 0.9288382352941176, 0.9281323529411764, 0.9259411764705883, 0.929235294117647, 0.9290294117647059, 0.9249264705882353, 0.924485294117647, 0.92675, 0.9273382352941177, 0.9256470588235296, 0.9258088235294116, 0.9263088235294118], "confusion_matrix": [[[31336, 2106], [2862, 30857]]]}