{"epochs": [1, 2, 3, 4, 5, 6, 7, 8, 9, 10, 11, 12, 13, 14, 15, 16, 17, 18, 19, 20, 21, 22, 23, 24, 25, 26], "training_loss": [0.09269528519007114, 0.02448533921449266, 0.01809338120859846, 0.014724563667227868, 0.013163288348867676, 0.012815913354753608, 0.015100785980220606, 0.01130235780969075, 0.019067024174138286, 0.01046081329937992, 0.00778183130792744, 0.007325019612056938, 0.007219558611368531, 0.007018166890793982, 0.006959733347435913, 0.006710927209641746, 0.0065682776156486865, 0.006547315044274499, 0.006221548137836081, 0.005794677923839423, 0.005784212613532375, 0.00572532501511124, 0.005768368579427093, 0.005684440843391747, 0.005595794370566597, 0.005464618454406448], "training_accuracy": [0.9629867148851571, 0.9928085507720884, 0.995064821628637, 0.9961071069206971, 0.9962240327517299, 0.9962678228691415, 0.9949618717504349, 0.9965972294393123, 0.9947864830038844, 0.997108377461864, 0.9977838247794603, 0.9979398039822331, 0.9979558644635967, 0.9980165230424534, 0.998033391503897, 0.9981313703522409, 0.9980975162872585, 0.9981725022452274, 0.9981542461005234, 0.9983106878643828, 0.998305488557624, 0.9984220689696638, 0.9983570190641285, 0.9983830155979236, 0.9984094746928056, 0.9983883320467766], "validation_loss": [0.5167131282905132, 0.5227043718600215, 0.32787052521930465, 0.25305316365354324, 0.1995282783210793, 0.09447388514666595, 0.23516531574813918, 0.25366088661456265, 0.19782058478187187, 0.21322683582489452, 0.21269191731891385, 0.2231388341547823, 0.22055778738043996, 0.24126153651224674, 0.2313570393931184, 0.23016400510996404, 0.23669007524550953, 0.2553623806901748, 0.23779755422700108, 0.23668697774523179, 0.23674879760526202, 0.2390618598642558, 0.2412340260536004, 0.24591454258619105, 0.2414688921912011, 0.23659351558752925], "validation_accuracy": [0.847390625, 0.863858324439701, 0.9606062233191034, 0.973199839914621, 0.9704751534151548, 0.9837863527214513, 0.9768549059498399, 0.9695655016008538, 0.9762187499999999, 0.9698482023745998, 0.9752267542689433, 0.9758413820704375, 0.9768488693970118, 0.9741129102187833, 0.9753608090981858, 0.9764549593116328, 0.9726446771611525, 0.9691667222518675, 0.9718766842315901, 0.9739823906083246, 0.9727872698772679, 0.9728351954375667, 0.9724444370330843, 0.9700582644076841, 0.9738625100053362, 0.9738302094450373], "confusion_matrix": [[[27862, 661], [368, 35046]]]}