{"epochs": [1, 2, 3, 4, 5, 6, 7, 8, 9, 10, 11, 12, 13, 14, 15, 16, 17, 18, 19, 20, 21, 22, 23, 24, 25, 26, 27, 28], "training_loss": [0.4033499809326949, 0.2825682537975135, 0.2724864079306523, 0.25315477503118694, 0.24383691565857993, 0.23675982910725807, 0.23054823803680916, 0.22643111880730699, 0.2222432916914975, 0.21938452397783598, 0.20760784815582964, 0.2055616503926339, 0.20463848280961866, 0.20386189498283244, 0.20312345270757323, 0.20228535790962202, 0.20167753783365092, 0.20104555741504387, 0.2004650832326324, 0.20003092736005784, 0.1983980428841379, 0.1981345248029188, 0.19776740377699886, 0.19793490237659878, 0.19777424974298036, 0.19769943070908388, 0.19780116820776905, 0.19751434440690058], "training_accuracy": [0.7881041385034998, 0.8763603788687299, 0.8806044497806225, 0.8906938367129135, 0.894936623977231, 0.8984584726669025, 0.9014346397090779, 0.9034745246847699, 0.9057536641764496, 0.9068378532748318, 0.9122255207715707, 0.9132189770346643, 0.9134427941815877, 0.9140250148227195, 0.9141780416221987, 0.9145955798648157, 0.9152078580181028, 0.9151757618878207, 0.9156750849835961, 0.9157802670066003, 0.9166948950551395, 0.9168398997984112, 0.9170497035455956, 0.9167598343808055, 0.9168648997984119, 0.9170332938060781, 0.9170121220206325, 0.9170768044191476], "validation_loss": [0.5173778124420761, 0.36821414674884195, 0.3997619849677048, 0.41122424390789036, 0.3752867915574635, 0.40862608542657153, 0.35139325132711663, 0.3272471885881456, 0.3503389717915891, 0.3399961825891106, 0.3590648245429551, 0.36418408850631884, 0.36151459394500646, 0.3544842006035719, 0.3638761567204683, 0.3542582923650686, 0.3585773228377507, 0.3552007854155112, 0.3614622790083192, 0.34853123260119845, 0.3615407318392866, 0.3634112066382528, 0.3606620564680623, 0.3634206598082474, 0.36560936579037695, 0.36696882235101747, 0.36723290643795503, 0.3639403637172828], "validation_accuracy": [0.8153386243807647, 0.8440874655537681, 0.8303603832491755, 0.8323253237547585, 0.8454618503002597, 0.8506632791219992, 0.8572629302792334, 0.862905223084152, 0.8609348826836994, 0.8639535115245545, 0.8649488682521224, 0.8639567689832587, 0.8628682202647382, 0.8632637426527975, 0.8646646569712798, 0.8660163430446485, 0.8657561525350833, 0.8656820274295542, 0.8657651205020787, 0.8665258764873605, 0.8652103728953946, 0.8653123417066211, 0.8654676165596775, 0.8647551490147976, 0.8645511476767705, 0.8642889501266344, 0.8646178100957324, 0.8649227767247009], "confusion_matrix": [[[55699, 14023], [4895, 60320]]]}