{"epochs": [1, 2, 3, 4, 5, 6, 7, 8, 9, 10, 11, 12, 13, 14, 15, 16, 17], "training_loss": [0.2715712045817255, 0.1558449422741461, 0.13523496952165598, 0.12523684329675427, 0.12003123980460677, 0.11546335690332658, 0.11238842586395126, 0.10891372541773994, 0.10676217238483189, 0.10553257429749711, 0.09974820939999707, 0.09848213629246508, 0.09810754886400774, 0.09761555921637786, 0.09722923510854349, 0.0963804046359827, 0.09625029678708352], "training_accuracy": [0.8860432954404145, 0.9451707406462088, 0.9526661103803039, 0.9565808218640165, 0.9588001819383636, 0.9600711326644814, 0.9613830915123796, 0.9622696287279371, 0.9628620540710343, 0.9630327587222428, 0.9645366690881492, 0.9646931360807333, 0.9649892440395557, 0.9649014489623626, 0.9650960346599132, 0.9652037186107247, 0.9651670855175769], "validation_loss": [0.13234896229532284, 0.13316709607935104, 0.12298373856510107, 0.09796018505958506, 0.11173217863632509, 0.11406840226398064, 0.0870840348238394, 0.1014112579619112, 0.11133806848300036, 0.0983273404581735, 0.10690237426360209, 0.1174112790583585, 0.1260828056931645, 0.12338793570364569, 0.12958809373697314, 0.13219820178887742, 0.1331330666319282], "validation_accuracy": [0.9633138557592252, 0.9708541049654473, 0.9755897435897436, 0.9794358974358974, 0.9791794871794869, 0.9768419915152483, 0.9818707542890684, 0.9810550708396704, 0.9813239680887964, 0.9801378638704338, 0.9810367138931136, 0.9806950558979691, 0.9799656607700311, 0.9794622055017478, 0.977498545852344, 0.9775062034739452, 0.9781607566904134], "confusion_matrix": [[[16204, 693], [427, 22637]]]}