{"epochs": [1, 2, 3, 4, 5, 6, 7, 8, 9, 10, 11, 12, 13, 14, 15, 16, 17, 18, 19, 20, 21, 22, 23, 24, 25, 26, 27, 28, 29, 30], "training_loss": [0.4173376845264876, 0.3358219127688143, 0.3173105886137044, 0.3066890040205585, 0.29850270429419146, 0.293306679720128, 0.2903743703884107, 0.29012277000756176, 0.2845429891237506, 0.28214603211316797, 0.2753940401115903, 0.2557689725662823, 0.25336281404727035, 0.25155127535539645, 0.25044250956012143, 0.24888513898132025, 0.24735829914333643, 0.2464387926928423, 0.245807408431062, 0.24535626727673743, 0.2421300507530018, 0.241239757946244, 0.24163715930448637, 0.2415084997674933, 0.24155213487920937, 0.2414436272724911, 0.24091205389963255, 0.24107475462887024, 0.2409262316232478, 0.24114085297893595], "training_accuracy": [0.7905141049698624, 0.8449898242920514, 0.8552034298115941, 0.8609913055839897, 0.864763767580274, 0.8663374492967906, 0.8673609898024948, 0.866884159748286, 0.8700910989802505, 0.8711550854846658, 0.8736540837408541, 0.8862190293415201, 0.8873819269115565, 0.8887446501004581, 0.889346981500434, 0.889961229576557, 0.8907590185374724, 0.8915646394859539, 0.8918377876341009, 0.8920855216270502, 0.8940313715455469, 0.8941560663785574, 0.8938272318890016, 0.8942422210849529, 0.8939411643731735, 0.8942764585465705, 0.8945516547253477, 0.8940595739034816, 0.8942005108230016, 0.894512395276544], "validation_loss": [0.5977875092761842, 0.5746358704072103, 0.5334216538702012, 0.5213358474533949, 0.6373184077865652, 0.5362989715258799, 0.5167097623552085, 0.5643035961556554, 0.4881174804394328, 0.38779290226364593, 0.4896630462525767, 0.5017570932460914, 0.5309522240092533, 0.5090731191848502, 0.556187846260875, 0.5516704477416698, 0.5650824049227947, 0.5497450226398338, 0.6020088628813652, 0.6040378628653099, 0.6129329434014794, 0.5902193420794236, 0.5924792392509503, 0.6033809541745473, 0.6021032893522851, 0.5966228023818659, 0.5956551003445343, 0.5967338624755233, 0.6091589752372716, 0.6019675774107089], "validation_accuracy": [0.7388757237354678, 0.7409201484898943, 0.7656058372416323, 0.7591552651277899, 0.7711154157564275, 0.8038624788035257, 0.8125624054751827, 0.7721017201607112, 0.7908052368658242, 0.8296611695870695, 0.8009683695137412, 0.7996347408301376, 0.8005051558991125, 0.8058733711177989, 0.8038587971096408, 0.7948186727569928, 0.7948787256145067, 0.7925148107975982, 0.7883964619074533, 0.7895443101788904, 0.7914780244122277, 0.7923371117798927, 0.7929033975465557, 0.7925977787622787, 0.79182201072427, 0.7927231549519546, 0.7927523029682702, 0.7931299133808951, 0.7932972547701616, 0.7937054186590076], "confusion_matrix": [[[65111, 7878], [17711, 44277]]]}