{"epochs": [1, 2, 3, 4, 5, 6, 7, 8, 9, 10, 11, 12, 13, 14, 15, 16, 17, 18, 19], "training_loss": [0.2463284837470462, 0.18581112799630767, 0.11965539998853539, 0.10341068078902946, 0.09179190540157124, 0.13449545930734605, 0.10326528694780393, 0.0864011148856387, 0.08869028139755449, 0.10013322532176971, 0.08020263464359814, 0.07859656042212923, 0.07777509133045506, 0.0766538862989258, 0.0758518903701274, 0.07497786814331617, 0.07434340506449513, 0.0736057090164699, 0.07275520514678485], "training_accuracy": [0.8971803223406734, 0.9303423060694338, 0.9584598887346845, 0.9650199281164371, 0.9695615899112227, 0.9515984111733028, 0.9651858262966415, 0.9714144895707828, 0.9701016893145636, 0.9656599544839118, 0.9731938263508679, 0.9740560003795828, 0.9740065291694427, 0.9745339904866989, 0.9747775371491615, 0.9749906866557878, 0.9753651759554385, 0.9754638031861267, 0.9758529132161048], "validation_loss": [0.5967238229758239, 0.16077505417802862, 0.15496910024266364, 0.14657765530215758, 0.2082539067027854, 0.19135487744482388, 0.16117529205500852, 0.18541899020753239, 0.3493448096063837, 0.20543367813364494, 0.172032145166074, 0.16357312018028314, 0.16593938529189936, 0.15955829597337753, 0.15809518362017402, 0.16543731027858866, 0.17586452118837684, 0.161658628175484, 0.15477833537256402], "validation_accuracy": [0.8059325536184622, 0.9486905807098959, 0.9511009971152636, 0.9552344475103477, 0.9522461118775868, 0.9390843471717044, 0.9476795121033486, 0.9456397842719177, 0.8773601216606046, 0.9504550357456418, 0.9516756239809354, 0.9520138592750532, 0.951881506333877, 0.9529128621597893, 0.9535010974539068, 0.952486391571554, 0.9529991533927005, 0.953043271039759, 0.953910918098583], "confusion_matrix": [[[33589, 865], [2170, 30845]]]}