{"epochs": [1, 2, 3, 4, 5, 6, 7, 8, 9, 10, 11, 12, 13, 14, 15, 16, 17, 18, 19, 20, 21, 22, 23, 24, 25, 26, 27, 28, 29], "training_loss": [0.15998051601125035, 0.0739022219509716, 0.06332232058447101, 0.05590300048787219, 0.05269895984773271, 0.05005874960210645, 0.048342486845461025, 0.04636730275035096, 0.04501236251274192, 0.043320862600296675, 0.038993709483353435, 0.03800933943897868, 0.037609243153233475, 0.037110919924552614, 0.036953004701282405, 0.036630159319723445, 0.036256021193808996, 0.03610714496266918, 0.036033009026375074, 0.03580737418078317, 0.03501374493263327, 0.03505760917192768, 0.034966128052668986, 0.03483607395546116, 0.034801481404327796, 0.034692721534121534, 0.034512113435772235, 0.034510944794456634, 0.03463423178916123], "training_accuracy": [0.9364487955416163, 0.9754691381540346, 0.9791498007674388, 0.9816518023096846, 0.982721675028187, 0.9836046931019748, 0.9841351371279166, 0.9847615215407739, 0.9851754029966311, 0.9857075229109784, 0.9869176065057065, 0.9871577608533384, 0.9873298581562492, 0.9874153253927082, 0.9874063407260879, 0.9875120568726826, 0.9875637283063877, 0.98763974543701, 0.9876883907477477, 0.9877472772573833, 0.9879200734871724, 0.9879433485202761, 0.9880043763575347, 0.9878562053954114, 0.9879938095047943, 0.9880362167011294, 0.9880114516480869, 0.9879921336163893, 0.9879840337451143], "validation_loss": [0.36048762976028276, 0.22817012680481094, 0.19091437775409068, 0.23584921464649933, 0.23953644510084454, 0.2242941732079501, 0.17886220762070126, 0.17666084281972988, 0.17432460808677536, 0.20452551285566362, 0.20949356123078117, 0.2099582663521908, 0.2076933508770204, 0.21567392043535236, 0.23648568879063164, 0.2432176139294189, 0.24241082175199086, 0.26366750027255736, 0.2635973703834526, 0.2530668790327005, 0.2691118337751068, 0.2745168200386883, 0.2790998726700167, 0.2725434338087295, 0.2730051382622859, 0.2718480173598715, 0.284754355307368, 0.2796496520525356, 0.2803671245889426], "validation_accuracy": [0.8810295006857, 0.9140192151851388, 0.9473421643186634, 0.9384045006856998, 0.9433119935170176, 0.9501777053983295, 0.952132947886797, 0.9560152412417404, 0.9552808253334996, 0.9532002555791045, 0.9510716089016332, 0.9486306258571251, 0.9468421643186636, 0.94830005610273, 0.9385056258571252, 0.9367748566263556, 0.9411462099488841, 0.92782193616756, 0.9321475345966834, 0.9264923637950381, 0.928402505921955, 0.9236379192120683, 0.9233855971823964, 0.9269505828450318, 0.9267967366911857, 0.9278471356439348, 0.9215069505049246, 0.9233471356439348, 0.9238723351203093], "confusion_matrix": [[[37183, 1215], [3424, 61795]]]}