{"epochs": [1, 2, 3, 4, 5, 6, 7, 8, 9, 10, 11, 12, 13, 14, 15, 16, 17, 18, 19, 20, 21, 22], "training_loss": [0.446798452603742, 0.24417042779097767, 0.2050363003926457, 0.19129662599953465, 0.18307237556707934, 0.17560001092511904, 0.17030755660069063, 0.167465311410667, 0.16466410329225678, 0.16122236648726762, 0.1532219094019266, 0.1516432875779065, 0.1506290130036057, 0.14961462121152277, 0.14927739251709585, 0.148737287863433, 0.14872044784093053, 0.14720703682528352, 0.1476299134580969, 0.1469289813214128, 0.1458003285967704, 0.14550096886056774], "training_accuracy": [0.7876895571943942, 0.9057374453277146, 0.9255472975130096, 0.9315906522363753, 0.9345761261692682, 0.9379345688471735, 0.9399156051463778, 0.9411072374932158, 0.9426225297704552, 0.9438330779299564, 0.9470321489001694, 0.9473874469239852, 0.9475757909523352, 0.9482302621077161, 0.9482932509657439, 0.9483404686651974, 0.9483813012802087, 0.9491068065000152, 0.948774335153082, 0.9493247453947589, 0.9497296395619828, 0.9499226127765539], "validation_loss": [0.1690292197924394, 0.12329231467671119, 0.1268754203039675, 0.1329657724724175, 0.12386862368872151, 0.12662391106669718, 0.13993381795425636, 0.1305389152123378, 0.17354759458118144, 0.13853422458020923, 0.15114537336362097, 0.1568033282095805, 0.16786513071602735, 0.17027836528200752, 0.16997156861739662, 0.19168586223028028, 0.18176570538288125, 0.1934653381482722, 0.18632043388266212, 0.1913623900200503, 0.18772953923027486, 0.18781452394353274], "validation_accuracy": [0.9474860080697641, 0.9661783157620724, 0.9678939216451906, 0.9664580242092933, 0.9693550696342574, 0.9680982689053752, 0.9671988806455812, 0.9677905765976831, 0.9543049590003909, 0.9670072888194716, 0.9679377847195106, 0.9686067942210074, 0.9651188337888843, 0.9611176623714695, 0.9613460887674083, 0.9352225693088636, 0.9458266302225693, 0.9336424573734217, 0.9442396199401273, 0.9337986463620982, 0.9382092932448265, 0.938312247819862], "confusion_matrix": [[[15768, 1609], [429, 22179]]]}