{"epochs": [1, 2, 3, 4, 5, 6, 7, 8, 9, 10, 11, 12, 13, 14, 15, 16, 17, 18, 19, 20], "training_loss": [0.29062598606325546, 0.16469235680763078, 0.14326171197418897, 0.13315886929162643, 0.12638814557554587, 0.12183927074543335, 0.11798079197043143, 0.11505327575236747, 0.1128323903108168, 0.11091918181979431, 0.10523096153383735, 0.10382295854436527, 0.10345375655019808, 0.10338556616561217, 0.10294168503404413, 0.10206934650364162, 0.10177727334154477, 0.10153139591123322, 0.10118183205431362, 0.10086445955547897], "training_accuracy": [0.875392831876213, 0.9428747687754352, 0.9502035230510617, 0.9542148944317881, 0.9569521519299545, 0.9585301646643427, 0.9598833719518931, 0.9607671203536036, 0.9616409317782068, 0.9623021139604473, 0.9636505669464079, 0.9640214349228605, 0.9639591454589123, 0.9640849316224337, 0.9641162775603457, 0.9643819635103293, 0.9644528561507357, 0.9641948939125472, 0.9645124033724716, 0.9646421390138318], "validation_loss": [0.14260905268840873, 0.1371240626113155, 0.13611132612762353, 0.11014585902627844, 0.11220600623458338, 0.1582983861772869, 0.10580034863848525, 0.1114507808099286, 0.11833928193365677, 0.09680535532765461, 0.1114741972004338, 0.1143936499328657, 0.11525103322622808, 0.12439924819381513, 0.1351506682234079, 0.14191016564477765, 0.15623432389344463, 0.17943013907549754, 0.1786778651918818, 0.23585476455173193], "validation_accuracy": [0.9596287211240773, 0.965766769865841, 0.9679710777698395, 0.9761778465772275, 0.9777163081156888, 0.9554077955068666, 0.9792034876028686, 0.9773161070096054, 0.9763780529755767, 0.9792002063983486, 0.9783548728533251, 0.9771208224180359, 0.9773267709242942, 0.9756104628086053, 0.9731655420602789, 0.9708818501759675, 0.9643185679129949, 0.9415485168426349, 0.9486270805218172, 0.8579587732528909], "confusion_matrix": [[[10823, 6234], [201, 22711]]]}