{"epochs": [1, 2, 3, 4, 5, 6, 7, 8, 9, 10, 11, 12, 13, 14, 15, 16, 17, 18, 19, 20, 21, 22, 23], "training_loss": [0.19338437645216267, 0.0826305283281822, 0.06976095841947645, 0.06262774261506326, 0.05850497000717391, 0.05618847953628123, 0.05335712504889207, 0.05252065437739839, 0.05072962121225331, 0.04905387765508493, 0.04463667660876017, 0.04362203380494067, 0.043136352986063733, 0.04275067250759854, 0.042491268965057616, 0.04218112108462491, 0.0420699546632295, 0.04189918961128159, 0.04163939934622878, 0.04143742159042579, 0.04071416523782148, 0.040694146863318216, 0.040617453476168394], "training_accuracy": [0.9239609689981791, 0.9729292207853037, 0.9773811378264681, 0.9797700893484529, 0.981003201054317, 0.98188214186448, 0.9826362790320007, 0.9829113635866805, 0.9832952871111514, 0.9838212624958239, 0.9851720512043789, 0.9855068877320018, 0.9856247458675188, 0.9857041819822826, 0.985812761744749, 0.9857820628530922, 0.9858885564650378, 0.9859776207265929, 0.9858781506962706, 0.9860111833907461, 0.9861943399113727, 0.9862588606745042, 0.986260946825024], "validation_loss": [0.4466002912749741, 0.40844482466750615, 0.25450938937547657, 0.3181160113513241, 0.2890155990238206, 0.7965422280997384, 3.1739853823274604, 0.8540791040784236, 1.3578410444054658, 9.14105140555737, 8.121508646584157, 9.049411605787421, 9.579335914947821, 9.042270431053865, 10.77636550591401, 9.87714862688935, 10.336784025896886, 10.110654531457463, 10.2856101794953, 9.125719067119409, 9.628437373947467, 9.64052304880853, 9.621860856854925], "validation_accuracy": [0.870826530612245, 0.8401632653061226, 0.8913061224489798, 0.8910510204081631, 0.9068367346938776, 0.7653918900136673, 0.8099037619588131, 0.8168665245894046, 0.7687176446060833, 0.7526657555190066, 0.7703432555769186, 0.7522840927517432, 0.7338031226111328, 0.7492738886701108, 0.7009251314600754, 0.7384512265746256, 0.7263918089369686, 0.7444578516991357, 0.7252010817948065, 0.7496858972874052, 0.7444007621209664, 0.7437457666380967, 0.746578366420348], "confusion_matrix": [[[28339, 8399], [2253, 58890]]]}