{"epochs": [1, 2, 3, 4, 5, 6, 7, 8, 9, 10, 11, 12, 13, 14, 15, 16, 17, 18, 19, 20, 21, 22, 23, 24, 25, 26, 27], "training_loss": [0.35660386845856784, 0.259087426350968, 0.2429091681696974, 0.2325286116710929, 0.22512933165446514, 0.21914632349350222, 0.21460217985588287, 0.21087510076576968, 0.20707064907788905, 0.20395327819111245, 0.1949661935076994, 0.19284399618202294, 0.1923963211874303, 0.1910044131991638, 0.19077210715384554, 0.19016743972184066, 0.1896090554799655, 0.1887603905841851, 0.1892312007221086, 0.18837297394892097, 0.18701692922333849, 0.18683836055682557, 0.1863505491928265, 0.1866320808062638, 0.18690054844325935, 0.18626044001608638, 0.18623235126608212], "training_accuracy": [0.8302661229823596, 0.8853312312897939, 0.8935920929947841, 0.8986687003819256, 0.902702364870155, 0.9056594219712409, 0.9077937425532848, 0.9096163481097965, 0.9114843193720634, 0.9127295581010987, 0.9168125812288004, 0.9176454644970536, 0.9179043475290067, 0.9185593922199711, 0.918730612918884, 0.9184777014936846, 0.9190153211927266, 0.9195597253203239, 0.9191271076782481, 0.9193928107263993, 0.9201448915359771, 0.9204115938851877, 0.9204304126316216, 0.9201857646574829, 0.9202066731104033, 0.9203978029611749, 0.9206201944224186], "validation_loss": [0.3957315910566639, 0.35944860757093183, 0.3889768261406161, 0.3578179036263904, 0.3443370210758416, 0.3535965660840892, 0.326503018364387, 0.33317295937692737, 0.37013298499140956, 0.3344258571894018, 0.3358143452357611, 0.3439620332023229, 0.3491639927071027, 0.3475788030926916, 0.35524703370766064, 0.36211763020760923, 0.36169990647653283, 0.37208444944945557, 0.37821053507810415, 0.3723890126635964, 0.37368674553575115, 0.37591946538760657, 0.3800091666708685, 0.37403216965193986, 0.37662080930981523, 0.3818475507290674, 0.3817760797963394], "validation_accuracy": [0.7992989559867812, 0.8170288504419617, 0.8089201381344986, 0.8136176373054627, 0.8253316371453732, 0.8242267784244892, 0.8439635224297034, 0.8462734445575234, 0.8370012006723766, 0.8476278944780505, 0.844797795336817, 0.837698734148266, 0.8363611965557858, 0.8350099941681626, 0.8342143257366984, 0.8326314621902549, 0.8328271946575799, 0.8315796388834887, 0.8329413843180756, 0.8311642862860342, 0.8321990371751037, 0.8315154886736573, 0.8319115390332873, 0.8320887011011879, 0.8326491406616279, 0.8320987981841261, 0.8323941635887523], "confusion_matrix": [[[33638, 5094], [8584, 43645]]]}