{"epochs": [1, 2, 3, 4, 5, 6, 7, 8, 9, 10, 11, 12, 13, 14, 15, 16, 17, 18, 19, 20, 21, 22, 23, 24, 25, 26, 27, 28, 29], "training_loss": [0.07086115203223468, 0.06768702087840126, 0.06555461733177209, 0.06349857678792462, 0.062384876009770836, 0.061213810160373215, 0.060315095303017784, 0.05960158176911592, 0.05845819195888027, 0.057748147589603255, 0.05580224907245064, 0.05599267113897989, 0.055813560360041495, 0.05563807854233449, 0.05560106613595493, 0.05516879821128393, 0.05538246092611896, 0.05545121489982151, 0.05524172523603386, 0.05516598154282162, 0.05525156097961251, 0.054964522930855284, 0.055241478202222374, 0.05498232880738869, 0.05494540571624002, 0.0550902693530413, 0.054943759893755204, 0.054990676955601135, 0.0548404685143836], "training_accuracy": [0.9767754910513661, 0.9778757075340055, 0.9785593682349163, 0.9792046759663133, 0.9796254468442597, 0.9799782445225763, 0.9805444744054066, 0.9807408038937502, 0.9809110394397886, 0.9813962014199145, 0.9819207987827624, 0.9818955287669299, 0.9819772972274361, 0.9820289358277305, 0.9820633483431881, 0.9821978539726182, 0.9821519387973904, 0.9821237035274625, 0.9821076435702889, 0.9822057466301254, 0.9822268852642004, 0.9821829880479254, 0.9820922562660985, 0.9822856763099854, 0.9821591588019136, 0.9822148612249328, 0.9822661018144012, 0.9823493389495453, 0.9823399497125798], "validation_loss": [0.47884975937056795, 0.510208248772735, 0.5024092736845011, 0.5264121885483898, 0.5213347812168021, 0.4889835894306731, 0.48380795792331155, 0.47697670557477284, 0.456889825490222, 0.4930654469378115, 0.5096323302325291, 0.5281610945024943, 0.5158589231496342, 0.524805906612966, 0.5098480698541827, 0.5146980314223278, 0.5227753693706061, 0.5396856694321672, 0.5265749104514261, 0.4996608087841612, 0.519125663110274, 0.5193906290363706, 0.5173159741139735, 0.5250648325461399, 0.5263060231112642, 0.5225569553174079, 0.5152336437146604, 0.5249645439524893, 0.52407789304405], "validation_accuracy": [0.8503244488562285, 0.8402732161905893, 0.8309459819841172, 0.8308869118169966, 0.8230272016119472, 0.8346616243925566, 0.8373452056418158, 0.8261094138911934, 0.8295824345146376, 0.8282079234324995, 0.8207661046580539, 0.8184287809647979, 0.8221899668128482, 0.8187107680455138, 0.8233874748133221, 0.8207720901979376, 0.8211486606613724, 0.8174059203508354, 0.8182445181936705, 0.8228029957330801, 0.8210205197345027, 0.8203466575797083, 0.8200626111176956, 0.81963511911817, 0.8194908883489391, 0.8201735806566313, 0.8205581960412468, 0.8191054877326062, 0.8199864732724902], "confusion_matrix": [[[23757, 15512], [1921, 62459]]]}