{"epochs": [1, 2, 3, 4, 5, 6, 7, 8, 9, 10, 11, 12, 13, 14, 15, 16, 17, 18, 19, 20, 21, 22], "training_loss": [0.099372275117327, 0.035296367035935756, 0.026633401130218698, 0.018099140434390346, 0.01611510207630088, 0.014927434916775286, 0.013195174729050135, 0.01104827322697862, 0.014285257691341419, 0.00955237910267677, 0.00798264038590591, 0.007443698408744088, 0.0072893019573497175, 0.007113753644562905, 0.006922233411830996, 0.006883181723773071, 0.006822897895065001, 0.0067295735951254255, 0.006675704535526454, 0.006593825591447286, 0.006331979613557514, 0.0062307742664622166], "training_accuracy": [0.9604180487396063, 0.9868239389621974, 0.9905711678322352, 0.994528903250241, 0.9951500150545872, 0.9955622530349751, 0.9960272813903625, 0.9967240075614383, 0.995846343908793, 0.9971444836587945, 0.9975488808390854, 0.997870381579399, 0.997862143462432, 0.9978979206049173, 0.997911829799388, 0.9979099394402196, 0.997958412098302, 0.9979345141094074, 0.9980372701847856, 0.9979673268955608, 0.9980888468809105, 0.9981235500262317], "validation_loss": [0.22554495424791093, 0.1655228439903454, 0.22286725771850843, 0.3103469249053704, 0.2659966528829709, 0.2357692422823375, 0.2506242590844783, 0.2294499503821881, 0.24888580145908556, 0.24615399101870386, 0.2416043181711317, 0.23756629829575246, 0.2433021471019105, 0.22655757624565662, 0.23208474105432267, 0.22260024352004748, 0.24661945499607058, 0.24398366135549623, 0.23564054534468268, 0.21628382535055815, 0.23283312183512056, 0.23332447067580667], "validation_accuracy": [0.9560677966101695, 0.960728813559322, 0.9598983050847457, 0.9585254237288136, 0.9639322033898305, 0.9700847457627119, 0.9570847457627116, 0.9707966101694914, 0.9698983050847458, 0.9635932203389829, 0.9642711864406779, 0.9643050847457626, 0.9629491525423729, 0.9645254237288134, 0.962915254237288, 0.9646271186440677, 0.9626101694915254, 0.9626610169491526, 0.9632372881355931, 0.9661016949152543, 0.9629322033898304, 0.9632033898305085], "confusion_matrix": [[[27884, 47], [2270, 28008]]]}