{"epochs": [1, 2, 3, 4, 5, 6, 7, 8, 9, 10, 11, 12, 13, 14, 15, 16, 17, 18, 19, 20, 21, 22, 23, 24, 25, 26, 27, 28, 29, 30, 31, 32, 33, 34, 35, 36, 37, 38, 39, 40, 41, 42, 43, 44, 45, 46, 47, 48, 49], "training_loss": [0.08635872618119318, 0.025242606991420998, 0.01849795098011374, 0.01528858668267714, 0.016320831144787048, 0.013659417603013188, 0.01351406571230943, 0.011043759762992246, 0.009809772076046473, 0.010274594804321285, 0.007592593345942825, 0.007198790839648897, 0.007014255930061906, 0.006978075838251527, 0.006804349437292239, 0.006668231973486696, 0.006445856746653356, 0.006356494553993251, 0.006398088666545856, 0.006199946791757596, 0.00605065522750152, 0.005932807108767466, 0.005829991505237577, 0.005867216887297125, 0.006008058590483586, 0.005844737024795412, 0.0058876835992091705, 0.005918200520808248, 0.006026354006937894, 0.005795134102523753, 0.005811470455007443, 0.005798956776962678, 0.005801801703122979, 0.005666578778282028, 0.005648126019862201, 0.005678733581179944, 0.005839153556003876, 0.005784222788574493, 0.005816365999736189, 0.005794250052539305, 0.005704066425298003, 0.005680179159662184, 0.00560882662610995, 0.005826863058841911, 0.005732770814811342, 0.005677679767089685, 0.0056123918100834, 0.006020155398778785, 0.005866473172250587], "training_accuracy": [0.9671510141802026, 0.992183363419831, 0.9948992517924259, 0.9957371481607223, 0.9954502611667982, 0.9962530329289461, 0.9962015024224414, 0.9969654550970349, 0.9972665523279762, 0.9970623916811124, 0.9978570776351752, 0.9979987294588374, 0.998002658224429, 0.9980502599653409, 0.9980685161100449, 0.9981183135142964, 0.9981227048409763, 0.9982010398613551, 0.9981737727863935, 0.9982886200961821, 0.9983146166299753, 0.9982742927170706, 0.9983522823184561, 0.9983258232235741, 0.9982859618717546, 0.9983171577123088, 0.9983344887348393, 0.9982968230463591, 0.9982638941035511, 0.998302947475291, 0.9983544779817957, 0.9983532074406294, 0.9983505492162036, 0.9983466204506098, 0.9983691507798998, 0.9983220116000737, 0.9982933568418529, 0.9983574816252134, 0.9983042180164581, 0.9983366843981791, 0.9983752752088327, 0.9984354712266024, 0.998393876772529, 0.9983488161139497, 0.9983839407200982, 0.9984372043288554, 0.998411670356146, 0.9983024849142041, 0.9982916237395999], "validation_loss": [0.26402098235093074, 0.3415467122291195, 0.4053510925860955, 0.3110100351648783, 0.29079606587220447, 0.28452224067717624, 0.28152601644104136, 0.2601580546218858, 0.2273483943797303, 0.28677954330399763, 0.2536841789820356, 0.24132002356129767, 0.23283937311168343, 0.24412854006461038, 0.24464537082397225, 0.2389129216720918, 0.23322278779471287, 0.23823147724589191, 0.2356128861943644, 0.22856794093890956, 0.22805170263468139, 0.23079465949003966, 0.23366255773098632, 0.23219226914180152, 0.23068268705936223, 0.23255766867763417, 0.2321347551265091, 0.2352265867347609, 0.22638388002890225, 0.231501431249918, 0.23132780240340017, 0.2320976796127306, 0.2324447682238272, 0.23242256204710593, 0.23181344613830157, 0.23220194237855218, 0.23241487288995902, 0.23250033223675248, 0.23314519232788938, 0.23285893667579066, 0.23280677471135025, 0.2328296396001419, 0.23284617962819193, 0.23276765159624335, 0.23275477984050624, 0.2328104670555663, 0.2328397363669769, 0.23275038858060737, 0.2327326374797717], "validation_accuracy": [0.965683814701174, 0.9673456843649946, 0.9571591015208113, 0.9595143409818571, 0.9716093416488794, 0.9589696838313767, 0.9746834144877268, 0.973234608457844, 0.9749499566435432, 0.9764531249999998, 0.9764487893543223, 0.9755932163820704, 0.9747073105656351, 0.9761185632337247, 0.9760124733191036, 0.9758622598719318, 0.9764707177161153, 0.9756423259071504, 0.9759466882337247, 0.976015625, 0.9762010238794024, 0.9761364227588046, 0.9760749733191035, 0.976056196638207, 0.9761697738794024, 0.976071821638207, 0.976071821638207, 0.9759322471985058, 0.976103071638207, 0.9759936966382069, 0.9759936966382069, 0.9760718216382069, 0.976087446638207, 0.976118696638207, 0.976087446638207, 0.976087446638207, 0.976087446638207, 0.976118696638207, 0.976087446638207, 0.9760718216382069, 0.976087446638207, 0.976087446638207, 0.976087446638207, 0.976087446638207, 0.976087446638207, 0.976087446638207, 0.976087446638207, 0.976087446638207, 0.976087446638207], "confusion_matrix": [[[28431, 92], [1437, 33977]]]}