{"epochs": [1, 2, 3, 4, 5, 6, 7, 8, 9, 10, 11, 12, 13, 14, 15, 16, 17, 18, 19, 20, 21, 22, 23, 24, 25], "training_loss": [0.43419878555959834, 0.16555537425336384, 0.12131370541267779, 0.10721917058794926, 0.09843080409635337, 0.1640284875128077, 0.1083117187459827, 0.09015505641507797, 0.0830993131690082, 0.07738727259521301, 0.0714072026653495, 0.07066765535390858, 0.06935210775706795, 0.06910853066068866, 0.0688754638704734, 0.06822913840085595, 0.06804134704227194, 0.067026979313829, 0.066700235527732, 0.06654577584248104, 0.06535060036477151, 0.06530769284637201, 0.06519203328769722, 0.06501330993387289, 0.06490367327581395], "training_accuracy": [0.7933335544744203, 0.9418911948045089, 0.9576063594128614, 0.9623587551079823, 0.9663865206001434, 0.93920609593365, 0.9636285718065914, 0.9710864472644667, 0.973948791662415, 0.9759874875726275, 0.9776420368417297, 0.9777720734717642, 0.9782550040259022, 0.9783228867795446, 0.9784494361847315, 0.978577934277626, 0.9785058611838819, 0.9788937294215941, 0.9788628868551472, 0.9790170845666211, 0.9792476194256386, 0.9792662274086423, 0.9793781247991775, 0.979333992976409, 0.979475135803309], "validation_loss": [0.32117388986516743, 0.6815776163763876, 0.24712588377818812, 0.42185433175101805, 0.3456216226411321, 0.16305046901252354, 0.18198538544892812, 0.18977930152531416, 0.16697878380487657, 0.15595384590242858, 0.20297005570223395, 0.22403448595976613, 0.20024581552811632, 0.21102160810295467, 0.19871159757047835, 0.2144681222175614, 0.20755957228896602, 0.22039765191196603, 0.2202550753489363, 0.2202672004865101, 0.2143997883685213, 0.21076831675927318, 0.2184331708977349, 0.22365781415951708, 0.21557679641625954], "validation_accuracy": [0.8754999999999998, 0.8517666666666667, 0.9053499999999999, 0.9014166666666668, 0.90935, 0.9455999999999999, 0.9312666666666665, 0.9323333333333335, 0.9379333333333332, 0.9466166666666668, 0.9341333333333333, 0.9281333333333333, 0.9353166666666667, 0.9367166666666666, 0.9357833333333333, 0.93495, 0.9386666666666665, 0.9396000000000001, 0.9361333333333334, 0.9342833333333332, 0.9379833333333335, 0.9400166666666666, 0.9390999999999999, 0.9374666666666668, 0.9387500000000001], "confusion_matrix": [[[35022, 737], [2466, 21744]]]}