{"epochs": [1, 2, 3, 4, 5, 6, 7, 8, 9, 10, 11, 12, 13, 14, 15, 16, 17], "training_loss": [0.3883096314830221, 0.14991675579285885, 0.11474859376093406, 0.10131812491368898, 0.11513162756359184, 0.08802684277105026, 0.08308441193276273, 0.14088073092420678, 0.09162342055076426, 0.07928612638578747, 0.07244578022987415, 0.07143684753622764, 0.07054790348878928, 0.06985253100402844, 0.06901432835111469, 0.06817570397623511, 0.06772482122939366], "training_accuracy": [0.8179983381169639, 0.9505507350783114, 0.9630760787946019, 0.9677107446836892, 0.963031974095971, 0.971990741481898, 0.973536677682361, 0.9496952750683251, 0.970892137692346, 0.9750980834981868, 0.9770971172427998, 0.9774511173876417, 0.9776612941342402, 0.9779398310673028, 0.9780949141042796, 0.9784382968748224, 0.9784615861072684], "validation_loss": [0.22525468286088046, 0.1526805653625388, 0.16021344115013492, 0.17710661685643128, 0.16049204645453397, 0.1975081926535168, 0.17326703647488556, 0.22465010897782728, 0.18815338215117283, 0.18863764538254202, 0.17418312381519552, 0.1955991070341381, 0.20222807286223182, 0.20122537693754172, 0.2091386939457204, 0.22049079607424402, 0.20703978867413522], "validation_accuracy": [0.9194, 0.9566499999999999, 0.9502833333333334, 0.9449166666666666, 0.9445999999999999, 0.9409833333333334, 0.9473999999999999, 0.9488166666666668, 0.9530166666666666, 0.9562500000000003, 0.95815, 0.9547833333333334, 0.9514833333333332, 0.9517166666666665, 0.9458500000000001, 0.9497166666666668, 0.9480833333333333], "confusion_matrix": [[[35128, 503], [2098, 22232]]]}