{"epochs": [1, 2, 3, 4, 5, 6, 7, 8, 9, 10, 11, 12, 13, 14, 15, 16, 17, 18, 19, 20, 21, 22, 23, 24, 25, 26, 27, 28, 29, 30, 31, 32, 33, 34, 35, 36, 37, 38, 39, 40], "training_loss": [0.3710003960526215, 0.1888049123047283, 0.15862941320212381, 0.14612699834243306, 0.1379987989206734, 0.13224611623482135, 0.12807257799138813, 0.12345949286278689, 0.1218938374388143, 0.12018006367597191, 0.11270116590572603, 0.1106730634405178, 0.11044756707342916, 0.1099320225089601, 0.10924585126106094, 0.10918225383140007, 0.1084479052315718, 0.10791366069384341, 0.1076994593835102, 0.10772981895309575, 0.10624688388135448, 0.10637882895439675, 0.10616553127297065, 0.10589912414269627, 0.10624245643240851, 0.10627312126493305, 0.10596902724706901, 0.10612883018154018, 0.10589189084727059, 0.10549063603364446, 0.10540217629768564, 0.10541990790633285, 0.10553392533611201, 0.10560717824963653, 0.10569993205040505, 0.1054382211991451, 0.1055474321375478, 0.10560623216647771, 0.10494671846335789, 0.10608397375019092], "training_accuracy": [0.8356919764264527, 0.9332628690668587, 0.9460017621745825, 0.9507660137209465, 0.9534292339246201, 0.9552086051236119, 0.9565406046562951, 0.9581864919420262, 0.9585079508797892, 0.9591629443568225, 0.9612880262995636, 0.9616820134872883, 0.9617885293144076, 0.9617538375164704, 0.9622991705122965, 0.9621286549707606, 0.9620494350007469, 0.9622676233684477, 0.9623739379896281, 0.962412277456498, 0.9626977367577282, 0.9627459125987363, 0.9627855858662573, 0.9627191457185333, 0.962754441134282, 0.9627550447520953, 0.9628931077230632, 0.9628145919738311, 0.9630393974206705, 0.9628326550746087, 0.9630497368096521, 0.9629871455367981, 0.9628839755697046, 0.9629337870202707, 0.9627825418151374, 0.9631756235761433, 0.96306191301413, 0.9629304411602453, 0.9630220385406723, 0.962696328316166], "validation_loss": [0.24316363089168683, 0.13780268263788178, 0.14514490264581326, 0.09585108034587346, 0.09104664885970311, 0.09387338310495043, 0.0970091823166093, 0.0883743298219111, 0.0874626786636117, 0.10133736422889902, 0.08972687886293548, 0.08833242328844977, 0.08926757451225943, 0.08815966808581904, 0.09171586408998476, 0.08941652654529883, 0.09090174270722155, 0.0881509772928742, 0.09112123611068967, 0.0866047416500992, 0.08785071257891384, 0.09075900046240676, 0.08973287185859263, 0.08875965051993262, 0.08980741865879957, 0.08966525679678829, 0.09125630270286003, 0.08924331706424336, 0.0893013448912825, 0.08842943311659231, 0.08854610637037041, 0.0888409204939634, 0.08924916646188089, 0.08891849641394145, 0.08909415224908838, 0.08887316142984976, 0.08933206632112463, 0.0889448881341825, 0.08891232253200798, 0.0886055267976003], "validation_accuracy": [0.895725463734752, 0.9612894604535469, 0.9428874335159164, 0.978114260008997, 0.9784541557513691, 0.9768090286046942, 0.9801415416368979, 0.9825831811807043, 0.9816601042576272, 0.9809091318038687, 0.9811415416368976, 0.9815534386494139, 0.981526157021513, 0.9814492339445897, 0.9808363102325948, 0.9815029768992617, 0.9802184647138205, 0.9819364134317697, 0.9814227726178191, 0.9825037972003915, 0.981630361726337, 0.9809893360853115, 0.9811159006112568, 0.9809636950596703, 0.9813474901431559, 0.9810902595856157, 0.9810910798867454, 0.9810381572332034, 0.9813714905665367, 0.981605541001826, 0.9815013362970019, 0.98170728480326, 0.9815005159958721, 0.9814508745468495, 0.9814492339445899, 0.9814765155724907, 0.981474874970231, 0.9814492339445899, 0.9814500542457198, 0.9814508745468498], "confusion_matrix": [[[16737, 320], [382, 22530]]]}