{"epochs": [1, 2, 3, 4, 5, 6, 7, 8, 9, 10, 11, 12, 13, 14, 15, 16, 17, 18, 19, 20, 21, 22, 23, 24, 25, 26, 27, 28, 29, 30], "training_loss": [0.5794213567461286, 0.5441975426106226, 0.4872632656778608, 0.31687855862435843, 0.15962907352617808, 0.11484542645159222, 0.09867762398152125, 0.08632867620104835, 0.08125535178752173, 0.0792152310765925, 0.0699620753171898, 0.06733861171773502, 0.06551333509740376, 0.06480765693954059, 0.06401938391583306, 0.06370110710461935, 0.06318587604023161, 0.062229537254288085, 0.06206437381250518, 0.061007644945666906, 0.060650340006465006, 0.06062031267654328, 0.06093645138399942, 0.05910470024460838, 0.05998030507138797, 0.060662990985881717, 0.06010873434799058, 0.06028357031089919, 0.060330231345835185, 0.06056142373099214], "training_accuracy": [0.7199661761062387, 0.7495225310936029, 0.7766945146424853, 0.8659321440959318, 0.9454455477924775, 0.9643388533769381, 0.9695990882513249, 0.9738307516971404, 0.9755541747187948, 0.9766340914721758, 0.9798144095931813, 0.9807736088399975, 0.9814993508745845, 0.9815934294633563, 0.981858936623556, 0.9819656310390955, 0.9823739953421532, 0.9823477429265147, 0.9823164659828547, 0.9826974183638073, 0.9830151825974927, 0.9830342302165395, 0.9827625390218522, 0.9830303651949849, 0.982928695307467, 0.9829088746841084, 0.9835061691690202, 0.9829267627966893, 0.9833294683117785, 0.9830387294980426], "validation_loss": [0.8632310411104789, 0.6824814058267153, 1.0404000166230476, 0.14100198005158185, 0.09373330512440028, 0.07558067741047125, 0.07063312608079286, 0.06336498062228202, 0.06157201570078122, 0.05621400872349533, 0.05640987348502117, 0.061294489909554474, 0.06074700689266767, 0.06294571007562738, 0.06195589391455332, 0.06165873663513384, 0.06541290237426158, 0.06531759864502909, 0.0628992242755675, 0.06698085921939659, 0.06715563490042069, 0.06656585358387719, 0.06753639824063822, 0.06865328431600713, 0.06674502855653722, 0.06742128867195928, 0.06849546338316241, 0.06907512048536983, 0.06955230915963721, 0.06858669457058288], "validation_accuracy": [0.48400000000000004, 0.48092307692307695, 0.6323076923076923, 0.9594615384615384, 0.9703076923076922, 0.9717692307692307, 0.9728461538461539, 0.9787692307692308, 0.9803076923076923, 0.9818461538461538, 0.9816153846153846, 0.9794615384615385, 0.9787692307692306, 0.9766153846153846, 0.9775384615384616, 0.9769230769230769, 0.9743846153846154, 0.9743846153846154, 0.9748461538461538, 0.9723076923076923, 0.9733076923076923, 0.973153846153846, 0.9724615384615383, 0.9724615384615383, 0.9730000000000001, 0.9730769230769231, 0.9729230769230769, 0.9723076923076922, 0.9720769230769231, 0.9726923076923075], "confusion_matrix": [[[9629, 70], [194, 3068]]]}