{"epochs": [1, 2, 3, 4, 5, 6, 7, 8, 9, 10, 11, 12, 13, 14, 15, 16, 17, 18, 19, 20, 21, 22, 23, 24, 25, 26, 27], "training_loss": [0.4601158258441376, 0.2953335780191095, 0.2740896398278132, 0.2626200756389801, 0.25412052969818244, 0.24702907892530912, 0.24058435538860218, 0.23584081377476862, 0.23271458461268307, 0.22928964861043513, 0.21948993301963152, 0.21739372521230618, 0.21652980205947406, 0.21608812678350162, 0.21534180637091807, 0.21492320164425732, 0.21427096869439294, 0.21341207260138367, 0.21295213827939882, 0.21320670608380068, 0.21140405970485243, 0.21110531377465758, 0.21189365419622969, 0.21084657607421484, 0.21050948919090506, 0.21081265017186127, 0.21077004924212417], "training_accuracy": [0.7596729277436469, 0.871638923495788, 0.8821812780636601, 0.8878542143600406, 0.8919203013413517, 0.8955233746240354, 0.8985583994982381, 0.9009109902641357, 0.9024932932305108, 0.9039491796501922, 0.9084424058842809, 0.9093744487049721, 0.9099336863712153, 0.910146404287771, 0.9105093068008479, 0.9106719313500492, 0.9110210796402138, 0.9109907202828107, 0.9115164340797967, 0.9114696164098476, 0.9120559377360894, 0.9123138411757152, 0.9118436645617423, 0.9124530312317348, 0.9125699143301077, 0.9121620643450731, 0.9123884808917636], "validation_loss": [0.43818843077643066, 0.503355242760985, 0.41083986079064455, 0.4177648519104408, 0.3713928431088289, 0.38218329860675304, 0.35260296070431413, 0.3821048449857959, 0.39319967169437436, 0.4783075511005226, 0.4208670966020161, 0.4126154096684531, 0.4106385305160554, 0.43610031255981424, 0.42099774481119734, 0.4264865774497554, 0.42256105742110245, 0.4316324265852857, 0.4484555491241166, 0.4412428695557557, 0.456352877657052, 0.44738160225736734, 0.4490739124127316, 0.4506424901409556, 0.4503164049836034, 0.45573444011944836, 0.45664973919673896], "validation_accuracy": [0.7920440818286811, 0.7939900287017875, 0.8061061623080354, 0.8025004288115627, 0.8193883088815446, 0.8164410241163622, 0.8250806165738526, 0.817310493876571, 0.8127069902002263, 0.8133887548455706, 0.814508296074373, 0.8154858720883692, 0.8167720323381092, 0.8068695955449336, 0.8079021166138752, 0.8067372814490397, 0.8049579535968713, 0.8060234416987798, 0.8002185681124286, 0.8028915735669117, 0.7978133125979119, 0.7987583675429666, 0.7984836422682415, 0.7974836422682414, 0.7984946312792307, 0.7964392402602599, 0.796923202707802], "confusion_matrix": [[[26084, 15221], [3516, 46140]]]}