{"epochs": [1, 2, 3, 4, 5, 6, 7, 8, 9, 10, 11, 12, 13, 14, 15, 16, 17, 18, 19, 20, 21, 22, 23, 24, 25, 26, 27, 28, 29], "training_loss": [0.3251481992910143, 0.17028920651703586, 0.11744048858030898, 0.0954395380237552, 0.0826634597888247, 0.07468793600431231, 0.0701367274109946, 0.06672216826652894, 0.06406801528617984, 0.06266432728801595, 0.05647259268787552, 0.05525871435271912, 0.05498196344028731, 0.054225133536536185, 0.05402581099970419, 0.05358332358911389, 0.053090444698807644, 0.05320534291753515, 0.05299453598554017, 0.05231053248108899, 0.051617401322258304, 0.051598772015727934, 0.0514293606805264, 0.051425772667175434, 0.05095229113749305, 0.05133001981455772, 0.05126746938426475, 0.051313296482577674, 0.05128379102613105], "training_accuracy": [0.8478389497313105, 0.9380607509693228, 0.9586334467043061, 0.9677102510033331, 0.9727406639004164, 0.9757191075437053, 0.977238364737093, 0.9783800081627111, 0.979255003061017, 0.9797823821508747, 0.9815109856472356, 0.9818011495816632, 0.9818676280525154, 0.981989429290525, 0.9821213114754116, 0.9821927079790495, 0.9822383647370937, 0.9822299231344815, 0.9823203319502072, 0.9825318073600444, 0.9826701720971364, 0.9827112305285354, 0.9826631997823295, 0.9826664784708548, 0.982805577851848, 0.9827695122780774, 0.9826650840078909, 0.9827589415686014, 0.982710251003335], "validation_loss": [0.2181539240696111, 0.3426731221600355, 0.25652058869379646, 0.23883257788281587, 0.19133204676206794, 0.16617028024140362, 0.1827782665886267, 0.22549509754925223, 0.16204768178236822, 0.17485488149292594, 0.3204759090237508, 0.27730781374164365, 0.27495039729573184, 0.29486519347157036, 0.26171107789385456, 0.2596320194473494, 0.18931123440706488, 0.2586388706456058, 0.28976215182674275, 0.3071771372330942, 0.28325599843965904, 0.2383986256948616, 0.2634960582083233, 0.2633857076147573, 0.2653901193693934, 0.2597212760369385, 0.27529559851159435, 0.2324447015692884, 0.23271754576487372], "validation_accuracy": [0.9159264705882353, 0.850202776762879, 0.9246617647058823, 0.9253823529411764, 0.9231764705882352, 0.9466323529411762, 0.9335735294117649, 0.9327647058823532, 0.9534852941176472, 0.9439117647058822, 0.9358529411764703, 0.9352500000000001, 0.9373088235294119, 0.9351470588235294, 0.9350588235294117, 0.9353676470588235, 0.9455882352941174, 0.9365588235294118, 0.9369411764705882, 0.9363676470588234, 0.9364999999999998, 0.9367941176470588, 0.936720588235294, 0.9364117647058822, 0.9366764705882351, 0.9368235294117647, 0.9367647058823528, 0.9388970588235294, 0.939735294117647], "confusion_matrix": [[[32462, 980], [2183, 31536]]]}