{"epochs": [1, 2, 3, 4, 5, 6, 7, 8, 9, 10, 11, 12, 13, 14, 15, 16, 17, 18, 19, 20, 21, 22], "training_loss": [0.20374279263457692, 0.09207137700972455, 0.07482958092798375, 0.06673270211950902, 0.0630600656537085, 0.0591574535949792, 0.057800074755775886, 0.06549621653126757, 0.05390518988989789, 0.052491101208473674, 0.047845426491191854, 0.04703141085114729, 0.0465173610730733, 0.046269424415058054, 0.04589443126317479, 0.045753660249568964, 0.04535523938747982, 0.045341394129791955, 0.04508785068098426, 0.044846986889788776, 0.044147749787370814, 0.043969079705108514], "training_accuracy": [0.9166112959551248, 0.9686144978811698, 0.9754038215353966, 0.9782794810924431, 0.979745388829309, 0.9809109693464455, 0.9814182974185994, 0.97777375398331, 0.9827145091856779, 0.9830762229493795, 0.9843424349914298, 0.9846680720922214, 0.9847636074218695, 0.9848724912390061, 0.9849103155180388, 0.9849914880095821, 0.9850784441328095, 0.9849609016721523, 0.9852168204996605, 0.9852818825369775, 0.985498996342841, 0.9854741936370901], "validation_loss": [0.5125264738572529, 0.4502442412411729, 0.6680845608079232, 0.5399884931078853, 0.5434441901395437, 0.6571708823368834, 0.6026603148600396, 0.6054662418397229, 0.5707342420594733, 0.65958777571351, 0.6217845046776077, 0.6501852542869894, 0.6717290275740696, 0.6595681777899259, 0.6979399006534859, 0.6766770097510515, 0.6740397040238469, 0.7588241021380766, 0.6949312159427801, 0.6676698794602453, 0.7191969354225023, 0.6787928957415421], "validation_accuracy": [0.8545510204081632, 0.8472346938775511, 0.8077857142857141, 0.8381326530612243, 0.8171326530612243, 0.7975816326530611, 0.8561938775510199, 0.8449999999999999, 0.8378571428571427, 0.8271632653061223, 0.830387755102041, 0.826857142857143, 0.8266836734693876, 0.8340612244897956, 0.8347448979591835, 0.8339489795918367, 0.8297142857142858, 0.8287244897959181, 0.8369387755102042, 0.8378367346938772, 0.8343979591836732, 0.8363979591836733], "confusion_matrix": [[[23894, 13047], [1924, 59024]]]}