{"epochs": [1, 2, 3, 4, 5, 6, 7, 8, 9, 10, 11, 12, 13, 14, 15, 16, 17, 18, 19, 20, 21, 22, 23, 24, 25], "training_loss": [0.5423963267494131, 0.49647959338294134, 0.4798588738121368, 0.4631830934573103, 0.45214619007375506, 0.45222461982457723, 0.44787750776719165, 0.44733929587183174, 0.44931948540939226, 0.4444712559106173, 0.42129135162190157, 0.39792375777054717, 0.3853986718588405, 0.38212682033578554, 0.3756103858903602, 0.37350831671997353, 0.3721142345280559, 0.37430324482697025, 0.37555647216461324, 0.3778782996866438, 0.3631593762172593, 0.35812090494566495, 0.35342850558183814, 0.35088912538356254, 0.34915778954271914], "training_accuracy": [0.7137760872403137, 0.7501670825407477, 0.7627492941330033, 0.7747968035507803, 0.7811141938010522, 0.7802987533102075, 0.7828992288612872, 0.7830004289284243, 0.7816930280481883, 0.7843179040319256, 0.8004116640557982, 0.8159246400731042, 0.8240144222520609, 0.8255508531945855, 0.8293785395919601, 0.8306136007608816, 0.8309350798179873, 0.8294286309723636, 0.828453128380142, 0.8274554240796688, 0.83717673995748, 0.8399581626944177, 0.8425045112080862, 0.8441018117563703, 0.8451731080526654], "validation_loss": [0.5424917890731968, 0.5492467087373805, 0.628032273098604, 0.5438981784591034, 0.516089210759348, 0.648275213733093, 0.5315329811688679, 0.6632998095297101, 0.5454788548288061, 0.5182256483987197, 0.6636075803926632, 0.6581635838791505, 0.6505147941521744, 0.6986418005579443, 0.6735332254042377, 0.6737022287587622, 0.6345072203496499, 0.6783380924320933, 0.5776946146541567, 0.6823491832213615, 0.6965660824259715, 0.6972904579519336, 0.6990523162617612, 0.6983235537894626, 0.6902294254569865], "validation_accuracy": [0.7181372518074282, 0.7199077572860766, 0.6943890968120124, 0.7115261607370997, 0.7390482331544692, 0.6990717259623334, 0.736883993927643, 0.6971603312741428, 0.7205982098570594, 0.745015068163713, 0.6924880581984338, 0.6963624550961206, 0.7118314996016896, 0.6527199801596248, 0.6622135696141649, 0.6584598908779362, 0.7127064225699301, 0.6577136222212205, 0.7246608573446964, 0.656371127744961, 0.6525948505208101, 0.6539300927387234, 0.6533932001623305, 0.6542290210578526, 0.6573333408486267], "confusion_matrix": [[[68271, 6105], [37231, 23386]]]}