{"epochs": [1, 2, 3, 4, 5, 6, 7, 8, 9, 10, 11, 12, 13, 14, 15, 16, 17, 18, 19, 20, 21, 22, 23, 24, 25, 26, 27, 28, 29], "training_loss": [0.3274832264858224, 0.24541293715014148, 0.23083143907951814, 0.22225756527230667, 0.21503783620589959, 0.21037023217445966, 0.20594772268766665, 0.20340341555705305, 0.19995017468118634, 0.19756498582975815, 0.1882069346707637, 0.18653851218452264, 0.18550828542979, 0.1847659059631543, 0.1841146963873162, 0.1838173913204764, 0.18317623875912548, 0.18256422707713665, 0.18203548106792233, 0.1815390099391992, 0.18025275633944388, 0.18015653762163736, 0.18001266997160875, 0.1797977231906923, 0.17988990414714334, 0.17976385309129592, 0.17995634890490117, 0.1793604064879455, 0.17942446443594262], "training_accuracy": [0.8457712341817641, 0.8944023651097139, 0.901139582590014, 0.9052964238069221, 0.9087034450960387, 0.9106954548806432, 0.9124416480387196, 0.9135081134912999, 0.9149685017023972, 0.9160297135902198, 0.9197988524540094, 0.9205093417811488, 0.9209081985553991, 0.9211575942799988, 0.9215357503852837, 0.9215631154018896, 0.9220054628730958, 0.9220299169396015, 0.9223506622262524, 0.9225465644010467, 0.9233655201386651, 0.9231177988807596, 0.9232554291677493, 0.9231747449008091, 0.9233355428646367, 0.9234623881857715, 0.9231905800820421, 0.9234454699642541, 0.9235212202154591], "validation_loss": [0.3016615071097769, 0.30138191244673335, 0.26476153190629576, 0.26365775210864345, 0.2780335000922968, 0.3077216098912798, 0.3159395041846906, 0.2953435124472814, 0.26277032452821913, 0.34858284871637857, 0.30498126511136026, 0.33923217326293653, 0.3472427366360536, 0.3934101916519646, 0.40236195386558454, 0.36582458733177414, 0.38382636991966235, 0.3843444846552116, 0.3915618399668095, 0.4440913975029564, 0.4047027540898884, 0.4176049127019563, 0.41203974829523693, 0.4097975414868602, 0.4282772197954941, 0.4141216940333479, 0.4153871980513254, 0.43495642514622496, 0.4279240767718135], "validation_accuracy": [0.8680328501202055, 0.8715268697597085, 0.8778576375183896, 0.8787643678160919, 0.8731206896551721, 0.861390804597701, 0.8589528568182093, 0.8645567715621896, 0.8786917363378663, 0.8484911191646631, 0.865805578480271, 0.855131065580633, 0.8568896862702884, 0.8464643989139664, 0.8478451086631498, 0.8550340641333858, 0.85491912160465, 0.8551315320487517, 0.8547289999641174, 0.8462922183549226, 0.8529538375973305, 0.8510338308993263, 0.8511432595356848, 0.8513788917195924, 0.8488729113590967, 0.8515910689296348, 0.8504648653820851, 0.8489129080100947, 0.8492577355963017], "confusion_matrix": [[[57791, 16353], [7889, 92928]]]}