{"epochs": [1, 2, 3, 4, 5, 6, 7, 8, 9, 10, 11, 12, 13, 14, 15, 16, 17, 18, 19, 20, 21, 22, 23, 24], "training_loss": [0.31035020016816073, 0.21405079128432186, 0.13229849937307092, 0.09982427418395713, 0.08930654167419388, 0.093701179886421, 0.08079560723960837, 0.0781609749714861, 0.08326466235540289, 0.07473556007575857, 0.07124386549732842, 0.06991299798527917, 0.06930234514504344, 0.06920494058684552, 0.06865668759404958, 0.06835148891522771, 0.06824727359845306, 0.06797254777380399, 0.06755732035353071, 0.0676525161625483, 0.06686527543315739, 0.06658512708004359, 0.06689008405166012, 0.06688809149212889], "training_accuracy": [0.8569164256795843, 0.9222765870180726, 0.9553004400140622, 0.967168337510443, 0.9708427989279395, 0.9689416414339024, 0.9740297293006276, 0.9748408502402315, 0.9732326158533601, 0.9761799710437484, 0.9770572018281, 0.9776213629851415, 0.9777972457539039, 0.9778004400140626, 0.9778526009594132, 0.9780499930066504, 0.9780315022095211, 0.9780608062388254, 0.978326549783208, 0.9781455240665774, 0.9783527181452887, 0.978566886673699, 0.9785293191500635, 0.9783735829014477], "validation_loss": [0.5310157795436681, 0.6904774417732066, 0.7424484211524638, 0.7322067919745071, 0.7739322893486436, 0.3479757090176766, 0.4235141951486791, 0.26223217819982286, 0.20048507555208442, 0.36967568676094137, 0.4145474651944217, 0.3635862451637877, 0.3222986767641184, 0.3089585851013908, 0.2756162620212611, 0.38699538264202904, 0.33125815607906284, 0.26667763713024517, 0.31152798414474697, 0.26373047421723944, 0.3002949219432291, 0.33162087716000316, 0.3115796743654452, 0.33883081391835124], "validation_accuracy": [0.8316787925696594, 0.7706277261781905, 0.7289713278293773, 0.7261498624011009, 0.7322701238390092, 0.885213553491572, 0.8563330409356723, 0.9211364809081524, 0.9374683178534575, 0.8720774337805296, 0.8689813037495703, 0.888698366013072, 0.9021664946680428, 0.903075558995528, 0.9112314241486067, 0.8790543687650498, 0.8969735638114894, 0.9191543515651875, 0.9035450292397662, 0.9170259545923631, 0.9107519607843138, 0.902090763673891, 0.9075148950808394, 0.8994343653250776], "confusion_matrix": [[[34017, 1742], [1998, 22212]]]}