{"epochs": [1, 2, 3, 4, 5, 6, 7, 8, 9, 10, 11, 12, 13, 14, 15, 16, 17, 18, 19, 20, 21], "training_loss": [0.08860678757755554, 0.03245654798869812, 0.024926161486332657, 0.017836962086495586, 0.015356089228173424, 0.013041352009823613, 0.020406818866368182, 0.024131210061658553, 0.015054290908617993, 0.030594170136309422, 0.024600922851540807, 0.024056750346472297, 0.023267230617796012, 0.02296320163520566, 0.022141607418540137, 0.02090482827618176, 0.018366701756499102, 0.014775573149681788, 0.01249729006985393, 0.011152504285776493, 0.01017340891724178], "training_accuracy": [0.9676283875888266, 0.9888993719282985, 0.9919211538078473, 0.9950243914932868, 0.9955350362699343, 0.9963738577604032, 0.9931209528932016, 0.9905040965528646, 0.9949832893654705, 0.9892479616839274, 0.9893231054688088, 0.989569954438478, 0.9897725993403416, 0.9900408659250493, 0.9906075903617906, 0.9913420415318486, 0.993244623541167, 0.9953046617320233, 0.9963067590987899, 0.9966782633689363, 0.9970630120691111], "validation_loss": [0.060361843278197824, 0.24231067992398891, 0.16758771410846585, 0.3046849025933156, 0.19611308114838527, 0.2747524557703782, 0.09339252014243264, 0.0907210700028902, 0.27073912635056707, 0.1472371319185115, 0.13682980807292788, 0.14185318525500992, 0.1438306288705478, 0.1362936628367008, 0.16078549644607468, 0.18291129985741167, 0.2980415451096208, 0.33849476696626457, 0.34591617978053324, 0.32877189034760795, 0.3280543906131864], "validation_accuracy": [0.974407636738906, 0.9436666021671826, 0.9692746871775025, 0.9441218556501547, 0.9549936951754385, 0.9519049761351909, 0.9737919730392157, 0.9576860971362229, 0.9501279669762641, 0.9561882417440659, 0.9576658604231165, 0.9579454818111456, 0.9579278573271415, 0.9505538570691434, 0.9500034829721362, 0.9504817305211557, 0.9492573529411765, 0.9478742260061919, 0.944698352038184, 0.9485381030701754, 0.9477608520381837], "confusion_matrix": [[[28609, 74], [1561, 33725]]]}