{"epochs": [1, 2, 3, 4, 5, 6, 7, 8, 9, 10, 11, 12, 13, 14, 15, 16, 17, 18, 19, 20], "training_loss": [0.3603658254669849, 0.1922209866258294, 0.1598996254723779, 0.15967979736972687, 0.1507089440819136, 0.13013419036775134, 0.12324739892988704, 0.11152890870390936, 0.13357911559991364, 0.1494834662610015, 0.15620830367037722, 0.14635544391565544, 0.13885663423773853, 0.13446323391656542, 0.1298545000338277, 0.1259651440520619, 0.12281777412998815, 0.12093511501023936, 0.11777313655718814, 0.1156990596114896], "training_accuracy": [0.8353552319531492, 0.9339977161629119, 0.9453934189192463, 0.9457439833748758, 0.9484021398494782, 0.95626680964596, 0.9582086701110765, 0.9622437897780897, 0.9553916916729177, 0.9502811842073412, 0.9465913292839349, 0.9503842260968471, 0.9534688823415535, 0.9555408489219078, 0.9575022324129422, 0.9584815720059052, 0.9592221432374228, 0.9600740053965107, 0.9609217808484382, 0.9613760950318221], "validation_loss": [0.19166432702264122, 0.2800089210964913, 1.1381319752829366, 0.2239142641598402, 2.67699726265625, 4.153835836625607, 4.226979047578586, 5.5363894627458, 2.06062787897585, 0.16233529004290007, 0.18713054217961292, 0.4138606846072646, 0.9234538935341461, 1.3876727765079502, 1.9401747301534944, 2.4514250949209253, 3.207657095249255, 3.675342450361715, 4.326927176954023, 5.003088784901191], "validation_accuracy": [0.9343177165259059, 0.886515524042301, 0.6242252014616557, 0.9270680734699803, 0.6116790649275222, 0.6076589792609441, 0.6048827045471046, 0.5830826416281489, 0.5915716187111294, 0.9570033395445634, 0.9481204414006726, 0.7640963869999758, 0.6368764368511484, 0.6240662585001088, 0.6132114560898289, 0.6000738087747745, 0.5737538900854247, 0.5519455993030515, 0.5130452290491977, 0.5089251748420976], "confusion_matrix": [[[17172, 122], [20028, 5639]]]}