{"epochs": [1, 2, 3, 4, 5, 6, 7, 8, 9, 10, 11, 12, 13, 14, 15, 16, 17, 18, 19, 20, 21, 22, 23, 24, 25, 26, 27, 28, 29, 30], "training_loss": [0.41621358026849464, 0.27918199994596093, 0.2567208533124187, 0.2456840583752144, 0.23879495131275288, 0.23386581272120438, 0.2285915750505409, 0.22571485737403324, 0.22185089742016018, 0.21929184590181605, 0.21021873841827687, 0.20795734538743638, 0.20719109277041736, 0.20642760172402871, 0.20578640649326704, 0.20509808444629724, 0.20472257718660797, 0.20401843933415706, 0.20407178086903435, 0.20324746737087693, 0.20214780197298407, 0.20168136519120228, 0.20168042199608993, 0.20163299605534032, 0.20119698896319976, 0.20116636994704687, 0.20105643522031896, 0.20102750475769748, 0.20121692581579906, 0.20114925625543179], "training_accuracy": [0.7783511331631281, 0.879107875684739, 0.8903429180363394, 0.8954028430165001, 0.8984407060114902, 0.9005093623313707, 0.9024516769928655, 0.9043535709000393, 0.9062263657793937, 0.9070241326632268, 0.9106637321379248, 0.9120409299756566, 0.9121973867739936, 0.9125006309916521, 0.9128376061703172, 0.9132336300489516, 0.9132259276392972, 0.9134123632414436, 0.9138382878510511, 0.9140206531783214, 0.9143357609712722, 0.9146497489433942, 0.9148462174876159, 0.9147774248315903, 0.9148134245659099, 0.915073586561216, 0.915100024121011, 0.9147648632618348, 0.9150724667403883, 0.9148333704276399], "validation_loss": [0.40306109978045496, 0.32138285388947707, 0.3320996793005867, 0.38922816039003255, 0.44430109264060585, 0.38203724929753496, 0.3145485925485552, 0.27115093249272293, 0.3367906456969813, 0.2660621788766933, 0.305029637286524, 0.3183289041047058, 0.323175013117589, 0.3099674933186147, 0.3102084487452983, 0.3111275899447211, 0.31900055212281586, 0.3252514989390211, 0.32213119660935113, 0.3198659315509619, 0.32146917542224795, 0.3256257065044469, 0.3258062151686842, 0.3261182026542654, 0.3230837029403873, 0.32753022160260764, 0.32862786592803794, 0.3231607240608568, 0.3346435504958995, 0.32465118900611883], "validation_accuracy": [0.8392401214950641, 0.8564136175717859, 0.8524335667613505, 0.8413103655164008, 0.8469877379981441, 0.8502526834847336, 0.8569232687422075, 0.8693170027467636, 0.8563424360885339, 0.8721200326236747, 0.859313346645293, 0.8527463790533507, 0.852512876039411, 0.8607273954495598, 0.8627422542209223, 0.8605762015918103, 0.8485407936552575, 0.8612683297241052, 0.8627897554161866, 0.8641033739254345, 0.8633909309934286, 0.8630017155553058, 0.8595166915094076, 0.8594010368328787, 0.8616168874389479, 0.856927581067019, 0.8580857215175635, 0.8582421651620401, 0.8568496592325939, 0.859294025555212], "confusion_matrix": [[[47946, 11856], [6559, 45600]]]}