{"epochs": [1, 2, 3, 4, 5, 6, 7, 8, 9, 10, 11, 12, 13, 14, 15, 16, 17, 18, 19, 20, 21, 22, 23, 24, 25, 26, 27, 28, 29, 30], "training_loss": [0.2853442968906097, 0.17787123747966574, 0.15093726821759212, 0.13705018516512787, 0.1290768529493479, 0.12351560494247472, 0.11949323572265277, 0.11665574468250545, 0.11448845089231648, 0.11108543829254384, 0.10552945960336511, 0.10461160111820923, 0.1036831686894099, 0.10293658494761905, 0.10301102315948445, 0.1023496206404653, 0.10178071698583897, 0.10160825916993543, 0.10143640815461956, 0.10096946117356888, 0.1001756749110027, 0.10019625995144155, 0.10022131698030345, 0.10000452532801989, 0.10006046988679178, 0.09976651730402461, 0.10009024807679578, 0.09980721567880432, 0.09985590325492733, 0.09974590888094602], "training_accuracy": [0.8819255394341582, 0.9361400140053279, 0.9467423019784166, 0.9521622000143976, 0.9556078475644477, 0.9573131434106243, 0.9587711143397536, 0.9595548989194959, 0.9604698656404811, 0.9612944031047322, 0.9626434597085056, 0.9629441979332334, 0.9631156682962584, 0.9633986871641829, 0.96354244792178, 0.9636084856576289, 0.9637198247370732, 0.9637060975529959, 0.9638922702373717, 0.963773539093843, 0.9642639775129423, 0.9639127513923527, 0.9639706313523001, 0.9642624460893079, 0.96407665626084, 0.9641316468039721, 0.9640197972499823, 0.9640303797799725, 0.9641962807348214, 0.9642003187193627], "validation_loss": [0.14887322323062482, 0.1465461557277311, 0.11764225720738371, 0.14173629465632331, 0.12811671181743106, 0.11856958047391321, 0.13803595123000634, 0.12948097712628973, 0.12532260193928288, 0.11517575549973677, 0.14620532954256468, 0.14465072364598597, 0.15800680188747207, 0.19182484490076418, 0.2454903996280896, 0.28810747216278126, 0.3710169429457146, 0.45007621920824303, 0.5718006403717715, 0.7393858621545698, 0.8740997570891872, 0.811643408558395, 0.8733008005658481, 0.8881022315960763, 0.9087488931844343, 0.9231495569352032, 0.9631425832542226, 0.9771210737445608, 1.0366891445364639, 1.010591876008997], "validation_accuracy": [0.9563846153846154, 0.9621763654313082, 0.9674615384615385, 0.9669639531470957, 0.967153846153846, 0.9701794871794872, 0.9675897435897434, 0.9709487179487177, 0.9720256410256408, 0.9726399850582993, 0.9670769230769231, 0.9674615384615385, 0.9654348568531711, 0.9030769230769227, 0.8699743589743588, 0.8527692307692306, 0.8290000000000001, 0.8208194722377865, 0.8075855812588382, 0.7805117799300942, 0.7627681901865044, 0.7702553696736837, 0.762332292750607, 0.7601015235198376, 0.7598963953147096, 0.7586656260839403, 0.7553568931935216, 0.7543312521678807, 0.751306651724966, 0.7527169081352223], "confusion_matrix": [[[7354, 9543], [202, 22862]]]}