{"epochs": [1, 2, 3, 4, 5, 6, 7, 8, 9, 10, 11, 12, 13, 14, 15, 16, 17, 18, 19, 20, 21, 22, 23], "training_loss": [0.33443382963782453, 0.20629053799832453, 0.13171448155504759, 0.10373626198069971, 0.092013425831912, 0.09729539195045096, 0.14506632441379985, 0.09027854372121272, 0.08827722649715963, 0.08639315111471005, 0.07350557710914338, 0.0721968694849581, 0.07092932304520098, 0.07048247587851814, 0.06938416673878177, 0.06865572340053613, 0.06781695997495144, 0.06711599456726527, 0.06699555930299837, 0.06633854658632982, 0.06533659989411225, 0.06513130859639801, 0.06495220410774966], "training_accuracy": [0.8342604187240773, 0.9218291131740065, 0.9523029100006591, 0.9644326552110088, 0.9692275791691362, 0.9659296201198251, 0.9493374415695579, 0.9703997893212204, 0.9709799855158345, 0.9708785568503542, 0.9761950029626718, 0.9767095727170999, 0.9769916716044494, 0.9772425176114297, 0.9776244848245454, 0.9779949766278236, 0.9780293765224842, 0.9784194614523682, 0.9784817301994868, 0.9786834748831399, 0.9789212324708662, 0.9789195667917578, 0.9791950029626715], "validation_loss": [0.28858407910732187, 0.24013023307987383, 0.16442776705038, 0.200511220068657, 0.17284492202717877, 0.4136381433619296, 0.22538380415470857, 0.2112910696482624, 0.2781654294055196, 0.2389455338210949, 0.25643502346348535, 0.23589294653452525, 0.22166063464844554, 0.22994092332171773, 0.21751385952080968, 0.20945678234602697, 0.21898120523796452, 0.19351498123203884, 0.21019095586020015, 0.19204335453426707, 0.18835343620699746, 0.18941226166128217, 0.18598726313997346], "validation_accuracy": [0.9233088235294116, 0.9055820570831881, 0.9460294117647059, 0.9481470588235295, 0.9508088235294118, 0.8781690741385307, 0.91275, 0.9201029411764705, 0.9145588235294118, 0.9390735294117646, 0.934985294117647, 0.9365294117647058, 0.9356176470588234, 0.9357647058823527, 0.9312941176470586, 0.9279705882352942, 0.9280735294117646, 0.9284705882352938, 0.9232352941176468, 0.9320441176470586, 0.9271617647058823, 0.9276617647058822, 0.9275882352941175], "confusion_matrix": [[[32577, 988], [2682, 30922]]]}