{"epochs": [1, 2, 3, 4, 5, 6, 7, 8, 9, 10, 11, 12, 13, 14, 15, 16, 17, 18, 19, 20, 21, 22, 23, 24, 25, 26, 27, 28, 29, 30, 31, 32, 33, 34, 35, 36, 37, 38, 39, 40, 41, 42, 43, 44], "training_loss": [7.031881735248621, 0.3393212292603282, 0.1728918395373364, 0.1354337913785563, 0.12300182356997284, 0.12168888002634048, 0.12123615067278923, 0.10527500583855219, 0.19182479238614095, 0.1167965066770828, 0.10154771716009046, 0.09939496145518713, 0.09846126649875281, 0.09744265726442601, 0.09650630365277446, 0.09601368919708007, 0.09501846076184234, 0.09428781371693624, 0.09349366217894955, 0.09299780428409576, 0.09096840514563197, 0.09071835884174635, 0.0905786359054578, 0.09049775272737755, 0.09038643804270514, 0.09026890425661276, 0.09017750146517227, 0.09005201989135077, 0.08988779935942487, 0.08981466179626972, 0.08948680716241862, 0.08947041051375658, 0.08945519186902878, 0.08943985418828074, 0.08942644934841366, 0.08941051667166311, 0.08938989177519499, 0.08938373750898727, 0.089369791689827, 0.08935790810040957, 0.0893158737656682, 0.08931253343647302, 0.08931181397895481, 0.08931112078256732], "training_accuracy": [0.7854396074831399, 0.917610048119614, 0.9503555361557108, 0.9567038843689247, 0.9600076289389691, 0.9607847457220339, 0.9611153730770149, 0.9656255819953452, 0.9476005591955271, 0.962863210094319, 0.9665347217222272, 0.9670661404708766, 0.9671798845609237, 0.9674365355077174, 0.9676453728370181, 0.9677468380252965, 0.9680326517387865, 0.9681749076007393, 0.9683514891880859, 0.9685588145294836, 0.96902955876353, 0.9691129310965523, 0.9690965122279026, 0.969063977488181, 0.9691368379052974, 0.9691765125878997, 0.9691804425564596, 0.9692206752345988, 0.969197605419158, 0.9692680238558103, 0.9693311403508779, 0.9693160474716216, 0.9693430472556216, 0.9693310473516217, 0.9693570241438073, 0.9693523261813917, 0.9693693960448325, 0.9693177214582289, 0.9693424892600867, 0.9693832799337602, 0.9693550471596233, 0.9693609541123678, 0.9693551401588787, 0.9693603031175754], "validation_loss": [0.7567003648883804, 0.23562490038010617, 0.20237557444623996, 0.13202858004104276, 0.1699972028927309, 0.16681041948142888, 0.11685137705678171, 0.11971607479923943, 0.11230828330003387, 0.09746504837352574, 0.09579592327285946, 0.09390286060066542, 0.09301052699329164, 0.09203445822205077, 0.09418366115246606, 0.10191399315028828, 0.09593263378090257, 0.09195472740455359, 0.09421026913834032, 0.09525208061292455, 0.09356512264258886, 0.09291784805261984, 0.09270608873504348, 0.09096399595924849, 0.09440010950487873, 0.09498877991564916, 0.09311801936082491, 0.09320433906386402, 0.0915169803950575, 0.09409748991752061, 0.09118776074599863, 0.09269770298683504, 0.09140983777222066, 0.09163246068282058, 0.0922519118485493, 0.09212010868624168, 0.09167433937411557, 0.09143275768538779, 0.09205862695718975, 0.09192920700616014, 0.09192523940102842, 0.09178511734630457, 0.09196147156898257, 0.09191630036889893], "validation_accuracy": [0.892457556339549, 0.959190918472652, 0.9609898000815992, 0.9731914704682364, 0.9630880312957496, 0.9597369621043031, 0.9762882136942902, 0.9748537931696547, 0.967623467012264, 0.9768379772961817, 0.9784643962848293, 0.9787427220582233, 0.9791613267093863, 0.9792078383372932, 0.978904024767802, 0.979555187558499, 0.9800690474476205, 0.9802093263253894, 0.9807892336861308, 0.9792536059711523, 0.9807899776801787, 0.9809992800057601, 0.9809760241918066, 0.9811388148894811, 0.9807194662442702, 0.980952768377853, 0.9810690474476202, 0.9810690474476204, 0.9812318381452951, 0.9810915592675257, 0.9811853265173881, 0.9810915592675257, 0.9812310941512468, 0.9812078383372931, 0.9810217918256652, 0.9811148150814792, 0.981161326709386, 0.981114815081479, 0.981114815081479, 0.9810683034535722, 0.9810915592675257, 0.9810915592675258, 0.981114815081479, 0.981114815081479], "confusion_matrix": [[[17289, 149], [752, 24779]]]}