{"epochs": [1, 2, 3, 4, 5, 6, 7, 8, 9, 10, 11, 12, 13, 14, 15, 16, 17, 18, 19, 20, 21, 22, 23, 24, 25, 26, 27, 28, 29, 30, 31, 32, 33, 34, 35, 36, 37, 38, 39, 40, 41, 42, 43, 44], "training_loss": [0.7171205081099796, 0.6230563316868252, 0.6282864498701006, 0.5862464365188548, 0.5905083502568388, 0.5848470505507635, 0.613778400438349, 0.5930858508987147, 0.5674947041480661, 0.5757768341161599, 0.5383004733000303, 0.5366229586522742, 0.5301910921505412, 0.532129129979152, 0.5303569778728255, 0.5301865552493795, 0.531153318559857, 0.528840514820068, 0.5278494277214357, 0.526839703854931, 0.523938368118355, 0.5240733656430775, 0.5225924806092871, 0.5232704338454341, 0.5216600457442042, 0.5219021840626302, 0.5216768310343578, 0.5212954643282025, 0.5219257059597654, 0.5242437962938639, 0.5208747185458542, 0.5210604351578806, 0.5236246174654103, 0.5206781266296214, 0.5250749153447478, 0.5211150113655679, 0.5231229024786218, 0.5280867093516558, 0.5204886052379348, 0.5203447469412703, 0.5217507934962962, 0.5210541941524308, 0.5222280701276913, 0.5207172014895647], "training_accuracy": [0.7350769521291718, 0.7512381815664273, 0.7497607821165664, 0.7528530626818811, 0.7525601763404105, 0.7511928779834761, 0.7529431843536171, 0.7538495435945829, 0.7540686721425095, 0.7540730248662254, 0.753846250692451, 0.7537330815234462, 0.7543371522094938, 0.7527501581635956, 0.7512368992540848, 0.7503871235773996, 0.7438684293359263, 0.7421502963311314, 0.7449909441291819, 0.7442577030812411, 0.7412656745731934, 0.7354353806157607, 0.7366395155604794, 0.7364966949953551, 0.7360128414956562, 0.7380385862210163, 0.7376172489770244, 0.7393015519319585, 0.7385080264400377, 0.7337079005350962, 0.7330154233553656, 0.7322204177211433, 0.7303745672017617, 0.7323449795404451, 0.7277684748600929, 0.7311576162165242, 0.7301758162898785, 0.7251998740950582, 0.7296456458724668, 0.7299855218431311, 0.7332892693776465, 0.7300704396023893, 0.7299179786102368, 0.7300503619767089], "validation_loss": [0.6942266738936633, 0.6577606443739228, 0.6824962770101484, 0.6618225552984782, 0.7119374161215699, 0.6855123865000186, 0.6136216173684299, 0.6100234392717295, 0.5995174423296297, 0.5901950305112945, 0.6265195563819691, 0.5754285909130183, 0.5798912812559244, 0.5754344215878479, 0.5734659014132787, 0.5828481320699223, 0.6040830805152376, 0.5744407315887926, 0.5721451426114967, 0.5757112157952735, 0.572262777096763, 0.5771580215170851, 0.5694344545189398, 0.5693066062778108, 0.5700511220588828, 0.5708102648546564, 0.5734977811328266, 0.5694068176400694, 0.5701690884969172, 0.5774969252337936, 0.5702555488560549, 0.5698446076963423, 0.5703890572914906, 0.5699496532308738, 0.5720035046141819, 0.5704519127752835, 0.570801579086878, 0.5713448236640916, 0.569081103932483, 0.5699879957086054, 0.5700491479156692, 0.5702034328718523, 0.5701128620846485, 0.5698661345153248], "validation_accuracy": [0.7517432347388303, 0.7517694768393783, 0.73075760628652, 0.7347170096471102, 0.7420865755080464, 0.7367228223917811, 0.751674641148333, 0.7518132366273728, 0.7517694768393726, 0.7518882175226591, 0.7518382352941176, 0.7518132366273728, 0.7518882175226589, 0.7518694765465679, 0.7353192989524588, 0.7238114423851733, 0.7517632241813598, 0.7518319860995697, 0.72627893503942, 0.751919446192575, 0.7414149043303115, 0.7301175700511082, 0.7296585414987913, 0.7111838790931972, 0.7335599194360534, 0.7316173694147247, 0.7494711393170137, 0.7309959196010286, 0.7464501510574024, 0.746781504986393, 0.7258379024018188, 0.7258884526326416, 0.7236425909136642, 0.7275000359769169, 0.72524682651622, 0.7258391881342683, 0.7261115308206734, 0.7188413098236681, 0.7196437785828751, 0.7247734138972807, 0.7269323123940045, 0.7279041071743325, 0.7248558696911015, 0.7272733813984951], "confusion_matrix": [[[22265, 5473], [5155, 6807]]]}