{"epochs": [1, 2, 3, 4, 5, 6, 7, 8, 9, 10, 11, 12, 13, 14, 15, 16, 17, 18, 19, 20, 21, 22, 23, 24, 25, 26, 27, 28, 29, 30, 31, 32, 33, 34, 35, 36, 37, 38, 39, 40, 41, 42, 43, 44, 45, 46, 47, 48, 49, 50, 51, 52, 53, 54, 55, 56, 57, 58], "training_loss": [1.8826664517264085, 1.770548318262821, 1.7104364370427592, 1.5493091727887098, 1.5472684843631614, 1.5595159492459876, 1.686144919791652, 1.5753543777320609, 1.4777364174076075, 1.516054219311425, 1.4364726072205525, 1.425905674137914, 1.3959368698155417, 1.405560403204951, 1.3985829748687673, 1.3978728247182297, 1.4044018128079496, 1.3953227327502475, 1.389986666361278, 1.3888225837520998, 1.3891873205411847, 1.3907501514689853, 1.381126980296986, 1.387010040724938, 1.3734809309262916, 1.3767503602198368, 1.3761726624904882, 1.372994513932775, 1.3806971651073667, 1.3966375228137875, 1.3746333720900181, 1.3761422569988475, 1.3940435539738991, 1.3734365276810805, 1.4036302208146627, 1.3775524384004918, 1.3918331893691818, 1.4229807478901049, 1.3721859052793752, 1.3721640104200232, 1.3814485382965465, 1.3765987275734053, 1.384589647088673, 1.3729014637720145, 1.404950314713718, 1.3740048708534105, 1.371569517413224, 1.4083924130600065, 1.3725747792982568, 1.4012663022932492, 1.3744050516724249, 1.3751963976328265, 1.3736198668224135, 1.383590973962072, 1.383903704750239, 1.381055128280757, 1.376297547684866, 1.37561911770143], "training_accuracy": [0.7431246655965853, 0.7516026488399092, 0.7523858836267879, 0.7539140980971714, 0.7535642082050426, 0.7534981120634865, 0.751837675977157, 0.7532829713566306, 0.7543421492996504, 0.7540793201133117, 0.7384455103993554, 0.7418508026440045, 0.7458139242099981, 0.7421319509362226, 0.7467850061372889, 0.7411024524121261, 0.7299433427762884, 0.7379925342835405, 0.738771262236969, 0.7336386239889323, 0.7302053432039047, 0.7310195705679836, 0.7371147648302951, 0.735996222851827, 0.7385622560745305, 0.7363044094042229, 0.7334088762983945, 0.7333122464459014, 0.7307082152974501, 0.724060434372049, 0.7225527226943642, 0.7232786947162677, 0.723157066414855, 0.7233396285804208, 0.7230795945047136, 0.7227206535755306, 0.723512674761858, 0.7221938936103265, 0.7218513657693594, 0.7223089512778549, 0.7230748247933146, 0.7230629371657472, 0.7237081473741225, 0.7229619137551175, 0.7238114123717665, 0.7229219777798892, 0.7231527729256867, 0.7234396262384775, 0.7224409696649268, 0.7231633616619008, 0.7226377085300567, 0.7225474459446826, 0.7225637200284581, 0.7224876617817433, 0.7225600543888793, 0.7226219704124234, 0.7226361973946501, 0.7228779275934399], "validation_loss": [2.2743641343542134, 1.8717967052069826, 1.7944250782230562, 1.7723504728025723, 1.7958407322916141, 1.956694703476989, 1.8364574926496429, 1.7802093071552334, 1.7176965524373924, 1.701243737944278, 1.6689440728622569, 1.7190019433484094, 1.64385507288308, 1.6160723101779395, 1.642053558395038, 1.619222982917176, 1.6584220761944026, 1.6184338316051963, 1.6446139441498715, 1.6611311132657816, 1.6591271269452594, 1.6181248500199241, 1.6579100489036194, 1.6291694005122377, 1.628277329162549, 1.6480620350419966, 1.631782595260518, 1.6470165224008269, 1.6264341194099763, 1.6496378761515496, 1.646014064055793, 1.645158334594419, 1.6366433157660736, 1.6416386840759472, 1.6236236133859396, 1.645022726494795, 1.6405781812993163, 1.6241838443090026, 1.6383354571010802, 1.6391374978422322, 1.6384813472480386, 1.6396570393880523, 1.6370950024882633, 1.6371543852174157, 1.6332293331729655, 1.6376138403593758, 1.6371772657663433, 1.63149620528327, 1.636068977022451, 1.6308367685914904, 1.6252882462091722, 1.6281765106143604, 1.6310886336367691, 1.6352470396426675, 1.635144741991883, 1.638605525561815, 1.633908990736908, 1.634711466718594], "validation_accuracy": [0.7348772813090004, 0.7517694768393783, 0.7517882329236348, 0.7517694768393726, 0.7518319860995697, 0.7518319860995697, 0.7515235457063789, 0.7518132366273728, 0.7517694768393726, 0.7518882175226591, 0.7518382352941176, 0.7143850105772078, 0.7518882175226589, 0.714610871918828, 0.7120586403926438, 0.7113265511684126, 0.7135516372795978, 0.712652665508297, 0.718067554973427, 0.7125613593454982, 0.7131671701913386, 0.712519825784857, 0.7363013698630136, 0.718790931989923, 0.7172708962739182, 0.7244304594084303, 0.7235065981666166, 0.7217268651453337, 0.7110775427995989, 0.7149138712601935, 0.7126487645526636, 0.7123980670492293, 0.7144101944192545, 0.7118176977651146, 0.7136409429780365, 0.712235904409357, 0.7137916561739233, 0.7102015113349955, 0.7121113103431381, 0.7127391742195365, 0.713244924688937, 0.7125884515625388, 0.712985574381317, 0.7125732130265227, 0.7138676203908917, 0.7129515418502187, 0.7119601844552734, 0.7147063807181591, 0.7126434507320908, 0.7137640095705777, 0.7130013383413207, 0.7128256765261162, 0.7129456416159987, 0.7124874118831813, 0.7124370594159106, 0.7126700251889161, 0.7127143612601046, 0.7134551495016609], "confusion_matrix": [[[20812, 6926], [3913, 8049]]]}