{"epochs": [1, 2, 3, 4, 5, 6, 7, 8, 9, 10, 11, 12, 13, 14, 15, 16, 17, 18, 19, 20, 21, 22, 23, 24, 25, 26, 27, 28, 29, 30, 31, 32, 33, 34, 35, 36, 37, 38, 39, 40, 41, 42, 43, 44], "training_loss": [1.5476315787189672, 1.443348728106726, 1.403405751806618, 1.2643196130327814, 1.2708440543264978, 1.2475636882751275, 1.375281186003183, 1.2790090485250647, 1.221654681696025, 1.233432822783563, 1.1787446138721558, 1.1709329235359562, 1.14850677003732, 1.1551221389960764, 1.1477870133995947, 1.148961571266865, 1.1542641598676169, 1.1473793366389433, 1.1426358013369922, 1.142503538532755, 1.143019129755292, 1.1419435168532082, 1.136577607817503, 1.1403344446135968, 1.1327499850625793, 1.1343711921627182, 1.1342610823956156, 1.1322307819835509, 1.136318637752893, 1.1487009177287306, 1.1327600616098463, 1.1333343736861423, 1.147707358454341, 1.1320435570927585, 1.1542769590704531, 1.1353012277145063, 1.1457984602960327, 1.169689784035395, 1.132302642146605, 1.1317433812269166, 1.1379686405476785, 1.1348288229516987, 1.1415573182511738, 1.1320212980505426], "training_accuracy": [0.7391936549900958, 0.7522119827271807, 0.750293251747438, 0.7528749198715471, 0.7514333944985943, 0.7537121376647222, 0.7499767427056485, 0.7538212149826854, 0.7542938886248594, 0.7541580107019205, 0.7407966963791106, 0.7420963172804569, 0.7538650383985895, 0.7496561318690937, 0.7491691058445898, 0.7468148856883875, 0.7397230091281826, 0.7412236389179242, 0.7467468633184314, 0.7414912032228715, 0.7184116432492325, 0.7185464022006646, 0.7189010726155706, 0.7189738747246689, 0.7204740022661472, 0.7201177100053631, 0.7212433112999642, 0.7219190326469007, 0.7216052880075536, 0.7214762354422432, 0.7211835064526287, 0.7212066657435332, 0.7211268492288304, 0.7212496065470531, 0.7212330003168669, 0.7212513258572212, 0.7211930076356678, 0.7213282971356587, 0.7212407902232247, 0.7212640060430525, 0.7212157455201548, 0.7212395229748013, 0.7212185495496068, 0.7212149826880734], "validation_loss": [1.826443996198377, 1.5504809644990285, 1.477215022223375, 1.540214449919991, 1.5072975846559644, 1.4148833102304077, 1.532313640864452, 1.5320437734033439, 1.3757056764975575, 1.3923784003526116, 1.3422242793961676, 1.3425735289970862, 1.3877720378119707, 1.3401581942170517, 1.4146483080009216, 1.3230337482031118, 1.3277272801035171, 1.3262081462904678, 1.3927060434259664, 1.3427453652434032, 1.3262148849013349, 1.3473079731527824, 1.3364744955891166, 1.3456963211026853, 1.3455309779433653, 1.347827429631684, 1.3378504794010244, 1.353209103972922, 1.3265470410008693, 1.3442972766346544, 1.3391444723602366, 1.330948041606389, 1.333711880855983, 1.3356605022192083, 1.3353471557636682, 1.3332180488465186, 1.3297587931099482, 1.3247263868215298, 1.3357061966100396, 1.334899307471274, 1.3351443959117786, 1.3338322206054998, 1.3357342139348911, 1.3357499131334893], "validation_accuracy": [0.7517935808684717, 0.7517694768393783, 0.7517882329236348, 0.7505604392836455, 0.7469466898340538, 0.7483568784467802, 0.751548728280038, 0.7517880527853258, 0.7517694768393726, 0.7518882175226591, 0.7063859790491539, 0.7518132366273728, 0.7518882175226589, 0.7108542941309769, 0.7194459197128421, 0.7314161966156325, 0.7371788413098211, 0.7518319860995697, 0.7258213479089539, 0.7028823159219624, 0.7028449144008042, 0.7025377004607221, 0.7024879129734085, 0.7023425692695193, 0.7054128902316218, 0.7076400251730637, 0.7090474751399513, 0.7106252391124699, 0.7106495468277971, 0.7094237936939594, 0.7101303803479695, 0.7095791805094146, 0.7098267351667104, 0.710306667242298, 0.7098126133387067, 0.710196167308807, 0.7099862894876706, 0.709420654911821, 0.7100207355610115, 0.7102467270896282, 0.7102454956089588, 0.710196167308807, 0.7099896780040866, 0.7103318510843448], "confusion_matrix": [[[20374, 7364], [3629, 8333]]]}