{"epochs": [1, 2, 3, 4, 5, 6, 7, 8, 9, 10, 11, 12, 13, 14, 15, 16, 17, 18, 19, 20, 21, 22, 23, 24, 25, 26, 27, 28, 29, 30, 31, 32, 33, 34, 35, 36, 37, 38, 39, 40, 41, 42, 43, 44, 45], "training_loss": [0.8802664561185262, 0.8091382752218552, 0.7843283224409794, 0.725856088187762, 0.7243947295174156, 0.7615705483081178, 0.8739551883540414, 0.8850946515663487, 0.8396433106439972, 0.8032920197426316, 0.7493507233461224, 0.7272302606528778, 0.7076401569471692, 0.7076916847350473, 0.7014921299590983, 0.6991147765347048, 0.6998140678996367, 0.6944553659743059, 0.6903852738315962, 0.6888434526074114, 0.6827989189326538, 0.6823660707638148, 0.6780606296147204, 0.6800433222789565, 0.6759894091889673, 0.6768308841044957, 0.676210037179439, 0.6753317831746929, 0.6773374180111601, 0.6829951425196429, 0.6737526144319486, 0.67406870656901, 0.6806813139018864, 0.6737097265497484, 0.684202233343451, 0.6743745159196766, 0.6794871840670111, 0.6906316320685365, 0.6728121953587364, 0.6725052470665172, 0.6761480574119598, 0.6738802154002067, 0.6764293991984451, 0.6729404711115462, 0.6839530606026196], "training_accuracy": [0.7417272526988412, 0.7488235071949587, 0.7489093553078024, 0.7531211192559812, 0.7525871918268415, 0.7497985641401156, 0.739327350088253, 0.7320805791627316, 0.7509271819857654, 0.7527793515895528, 0.7530939970791157, 0.7537047529115484, 0.7527099332745781, 0.7504792121091867, 0.7503226009504912, 0.7497230335381206, 0.7492603084671792, 0.7492086823053221, 0.7496355095050834, 0.7500928461272243, 0.7499433449161503, 0.7503005772341902, 0.7503399133850337, 0.7496600566572951, 0.7510764194888587, 0.7510055707676445, 0.750481586402266, 0.7509638595927943, 0.7502769908718925, 0.7486528171230714, 0.7522631413282951, 0.7524748943528566, 0.7506043437204833, 0.7518822788794451, 0.7488359112207831, 0.7510336702139278, 0.7497497781050805, 0.7478186968838543, 0.7520968863794383, 0.7514194888581146, 0.7506934827311301, 0.751971605937004, 0.7509552375976546, 0.7524929178470254, 0.7488196486015168], "validation_loss": [0.9259282400823374, 0.9107839811601458, 0.8283352946710861, 0.7770175809589217, 0.7899857006064099, 0.9049248585675042, 0.9748571097858539, 0.9596298872801396, 0.8719736556613684, 0.8754399407548081, 0.7895908907036531, 0.8083465221359188, 0.7731135889734465, 0.7873024168837579, 0.768471348035123, 0.8023617183987545, 0.7732791765585295, 0.7751488340948808, 0.7587226722565221, 0.7526184069579426, 0.7646902376603689, 0.7596766776359437, 0.7586294807042284, 0.7575413759592032, 0.7482993119180086, 0.7593073049453518, 0.7546645198941927, 0.7549750566968446, 0.7630992584395451, 0.7633160905206058, 0.7572828774638719, 0.7554216533673052, 0.7569684589334768, 0.7591935637840158, 0.7570390137056363, 0.7592845805731179, 0.7678524631958423, 0.757950257159066, 0.7586734158111931, 0.7545189581652456, 0.7581362273225323, 0.7576775205313704, 0.7598389662216031, 0.758294823489672, 0.7615926344926486], "validation_accuracy": [0.7514411579609824, 0.7510642049318698, 0.7517882329236348, 0.7517694768393726, 0.7518068041600567, 0.7526780992672056, 0.714656257869577, 0.7518132366273728, 0.7517694768393726, 0.7518882175226591, 0.7518382352941176, 0.7518132366273728, 0.7452920443101713, 0.7511393106226564, 0.7378832136839796, 0.7518382352941176, 0.7476322418136012, 0.7519830777366476, 0.742550565476939, 0.7328886091881686, 0.7507301107754278, 0.750358752297274, 0.750402900886382, 0.7403022670025161, 0.7047583081570993, 0.7488735053492769, 0.7492948524226848, 0.7390811546017844, 0.7491691842900308, 0.7504029414727437, 0.7518384204694262, 0.7476844860565806, 0.7415885967563134, 0.751359927470534, 0.7323191617972967, 0.7464430510437915, 0.7494585746663343, 0.7308312342569335, 0.7502896579517419, 0.7435548841893254, 0.7477205178580472, 0.7483820603862911, 0.7476901387175567, 0.7492948524226849, 0.7451138424340107], "confusion_matrix": [[[27067, 671], [9128, 2834]]]}