{"epochs": [1, 2, 3, 4, 5, 6, 7, 8, 9, 10, 11, 12, 13, 14, 15, 16, 17, 18, 19, 20, 21], "training_loss": [0.5604123565909831, 0.51786842512721, 0.4881263649213342, 0.456639031205325, 0.4525752707011689, 0.44873079586603637, 0.462481287365467, 0.449616751532379, 0.4375259614166398, 0.43834784803129345, 0.41103846926185644, 0.4090344662398691, 0.40669975550307086, 0.40692457985004715, 0.4063206716821817, 0.4057310716898039, 0.4058322508754616, 0.40383200154053034, 0.40293412740015105, 0.40246897362013384, 0.3990189753577489], "training_accuracy": [0.733015453372373, 0.7502499024310768, 0.750560273463803, 0.7538791265937025, 0.7535917482640285, 0.7541577620476954, 0.7532610923302774, 0.7536764242996493, 0.7537184325352574, 0.7537582625118023, 0.7542617213073476, 0.7542398489140673, 0.7543245625078674, 0.753798287111786, 0.7533157083057943, 0.7517247456944305, 0.7506767390620823, 0.7485395900151779, 0.7488811741752313, 0.7489063040946752, 0.7434563378153808], "validation_loss": [0.5522836115588701, 0.5229949006488325, 0.5172854843253877, 0.45219119180007755, 0.44079195131012655, 0.49996267011786094, 0.46506533611925915, 0.4418930459480975, 0.44376435056074626, 0.42868139151307216, 0.41847622796578066, 0.420718017754813, 0.41851299663904873, 0.4174789715363299, 0.41939859717429073, 0.41833435682567377, 0.4152795993333702, 0.412739421782942, 0.412719563429224, 0.4128847820594951, 0.4123286595744113], "validation_accuracy": [0.7347765890497179, 0.7517694768393783, 0.7517378601652224, 0.7517694768393726, 0.7518319860995697, 0.7511268917932062, 0.7518257365902871, 0.7518132366273728, 0.7517694768393726, 0.7507552870090639, 0.7518382352941176, 0.7518132366273728, 0.7518882175226589, 0.7518694765465679, 0.751838235294117, 0.7518382352941176, 0.7355163727959686, 0.7518319860995697, 0.7456235359310841, 0.7484455632473264, 0.7387462235649546], "confusion_matrix": [[[25773, 1965], [7747, 4215]]]}