{"epochs": [1, 2, 3, 4, 5, 6, 7, 8, 9, 10, 11, 12, 13, 14, 15, 16, 17, 18, 19, 20, 21, 22, 23, 24, 25, 26, 27, 28, 29, 30, 31, 32, 33, 34, 35, 36, 37, 38, 39, 40, 41, 42, 43, 44, 45, 46, 47, 48, 49, 50, 51, 52], "training_loss": [16.931404490175687, 15.756849790052499, 15.927864705229775, 14.11167807102592, 14.09912826515591, 14.07772785707827, 15.833657197496759, 15.34684229110439, 13.5531248173531, 13.728556052089525, 13.103553891619443, 12.979687861633453, 12.6503136127373, 12.746545246286786, 12.66764396138852, 12.660067181366786, 12.726144327390745, 12.62833300202355, 12.564660295002449, 12.578136300969739, 12.61642120880318, 12.606895270710858, 12.501879709681688, 12.569952580696725, 12.435969860010749, 12.46090933186127, 12.448726516593954, 12.444621109590804, 12.511055843069151, 12.687070848502367, 12.44864259549646, 12.465679528545333, 12.68604043654021, 12.434836828364192, 12.802191375776648, 12.474755361901572, 12.645690659509972, 12.995885152015148, 12.45163600417285, 12.421382397019292, 12.540132146640856, 12.4748294796638, 12.591491911416291, 12.444222420578976, 12.790593419034748, 12.453427771110055, 12.422694103094761, 12.858745456202533, 12.43809705661139, 12.752895611105618, 12.45608756650271, 12.45813128519594], "training_accuracy": [0.7429358260158095, 0.7502517908625426, 0.7425176213348745, 0.7535572139042546, 0.7516235520487166, 0.7510229164766096, 0.7442816783581387, 0.7464809568775596, 0.7541407134396606, 0.7528454516839782, 0.7250497305736012, 0.7238401007239501, 0.7437397708674299, 0.7314145963759187, 0.7365955370912426, 0.7302346661295196, 0.7242713251495987, 0.7266460299825664, 0.7302385651052273, 0.7299908727536044, 0.7234507982071856, 0.7216843655774555, 0.7218784620807734, 0.7218256216557365, 0.7224285534432844, 0.7236741887766498, 0.7238149197355979, 0.7248711968854247, 0.7222662889518467, 0.7221089077746317, 0.7213125590179422, 0.7213189225030687, 0.7217658168083017, 0.7213849543594593, 0.7222355121046415, 0.7214949898076549, 0.7217028937610994, 0.7240132200188861, 0.7214972948985344, 0.7213867556338907, 0.7214308195895714, 0.7213955833090381, 0.7214514575635333, 0.7213692162417384, 0.7217371415141692, 0.7215308595348408, 0.721316325342336, 0.7218501113710144, 0.7216220044190217, 0.7216682404783986, 0.7217028643374276, 0.721600100714458], "validation_loss": [19.594806860807445, 17.37089828515141, 18.44150020046769, 16.10655901063744, 16.867723948352772, 19.23443411416567, 19.706867469003335, 18.181562090075573, 16.481452283281087, 15.911799768042213, 15.47997855764118, 15.221329330010947, 15.336919468919458, 15.445578808203608, 15.187562918696354, 15.418864447617487, 14.977183420120173, 15.459553985786314, 15.497787869072763, 15.485659385397456, 15.688734765844336, 15.682033387763042, 15.357420948422217, 15.690867700714323, 15.432926094449291, 15.58175805992968, 15.63173622467892, 15.691280158168466, 15.193094077421243, 15.457215182593595, 15.427628260046744, 15.461539385933893, 15.337681568004166, 15.38862714665188, 15.29933591918586, 15.414779869353168, 15.331994881793973, 15.08236938973036, 15.448233009267998, 15.387726813543978, 15.386849333423287, 15.387073351272399, 15.39639510601809, 15.415312286076269, 15.32734577724192, 15.373462264119988, 15.419833232355916, 15.278527245093755, 15.370935479186155, 15.287474449541001, 15.226366785617929, 15.267551774461035], "validation_accuracy": [0.751919446192575, 0.7517694768393783, 0.7517882329236348, 0.7517694768393726, 0.7516305305834659, 0.7518319860995697, 0.7371191135734135, 0.7469527551123123, 0.7517694768393726, 0.7518378650553883, 0.7109941579371475, 0.7129747154225782, 0.75105740181269, 0.7111111111111154, 0.7115504358655046, 0.7111754633360193, 0.7177581863979822, 0.7112034448893263, 0.7250104251502221, 0.722366268093139, 0.711002014098689, 0.7111225799954766, 0.711225825946817, 0.7114861460957156, 0.7120090634441095, 0.7126998112020131, 0.7125983968685698, 0.7126402509506642, 0.7118580060422987, 0.7109096403747288, 0.7109614471355185, 0.7102839021443689, 0.7114133172156676, 0.7110369986616593, 0.7116764053999598, 0.7110019893732223, 0.7114468787598942, 0.7124181360201332, 0.7108771155922442, 0.7108761329305143, 0.711026312696259, 0.7110775351917613, 0.7110722287958592, 0.7110118148196124, 0.7116764053999598, 0.7109376966645685, 0.7110282414801088, 0.7118304092763726, 0.711107313738889, 0.7117743357259718, 0.7115910431866922, 0.7112397734424161], "confusion_matrix": [[[20383, 7355], [3638, 8324]]]}