{"epochs": [1, 2, 3, 4, 5, 6, 7, 8, 9, 10, 11, 12, 13, 14, 15, 16, 17, 18, 19, 20, 21, 22, 23, 24, 25, 26, 27, 28, 29, 30, 31, 32, 33, 34, 35, 36, 37, 38, 39, 40, 41, 42, 43, 44, 45, 46, 47, 48, 49, 50, 51, 52, 53, 54, 55, 56, 57, 58], "training_loss": [1.8841790752602348, 1.7198110550081656, 1.6908368940846374, 1.5526645413006757, 1.5302120407379736, 1.5376122365033689, 1.675507386179206, 1.5582456160469704, 1.4868994961278297, 1.4984707273690627, 1.4461838493195223, 1.4222061559853405, 1.3921750979850953, 1.4018689445563035, 1.3933841064978947, 1.3928819350700914, 1.400895417771992, 1.3924216775995824, 1.3850646755866654, 1.386412672989036, 1.386502862891765, 1.387693904020972, 1.3758099577238174, 1.3805728413980731, 1.3673338295867727, 1.3706723085733257, 1.3689946487841458, 1.3676815194426335, 1.3734350251324117, 1.3907962674206444, 1.3668776254343245, 1.36900534096983, 1.388247985128134, 1.3668917562468532, 1.3969688929802249, 1.3708546158700166, 1.386714909843688, 1.418083161733069, 1.365031572599506, 1.3645301040242754, 1.3734377521039909, 1.3699055043316222, 1.3787317408476119, 1.366903252260543, 1.398838321873404, 1.368080820424569, 1.3653294776164053, 1.4008609310491877, 1.3663358930808023, 1.394274799255575, 1.3670273200715906, 1.3668637197578786, 1.366489896800954, 1.3768201920223986, 1.3776952306441552, 1.3737667670105853, 1.3692583188317162, 1.3685515750312538], "training_accuracy": [0.739760173732425, 0.7495543301733926, 0.7510292664194704, 0.7515218724022804, 0.7540161274586429, 0.7530089481586946, 0.7484515538319421, 0.7532420522505499, 0.7541959684151448, 0.7541076487252174, 0.7354616759832805, 0.7304627006610013, 0.7396953292206964, 0.7352844898948284, 0.7350313158971428, 0.7347511078658475, 0.7338149197356791, 0.7337623812237585, 0.7344344460916059, 0.733440342429115, 0.7324683990532329, 0.7360333876785413, 0.7399662604491892, 0.7362983947120688, 0.7396544126904183, 0.7397979416485806, 0.7389833175952147, 0.7394951106746711, 0.7368366383380565, 0.7270412338684243, 0.7308593012275705, 0.733348230959467, 0.7281366068618185, 0.732001888574121, 0.7249571401292301, 0.7277557632164401, 0.7262194776499529, 0.723503305004716, 0.7238640619639679, 0.7294536069495173, 0.7292018129170331, 0.7287650408065969, 0.7280830411491841, 0.7293799181617882, 0.7270938384607856, 0.7265193717936712, 0.7296440722241536, 0.7266218035276207, 0.7254442618926257, 0.72604343720487, 0.7241139439722991, 0.7248922040726535, 0.7255323903587522, 0.7254305786372564, 0.7255281512816654, 0.7262385898647367, 0.7257935995854745, 0.7259980360313734], "validation_loss": [2.3608844744148234, 1.953748395386199, 2.022199433700391, 1.7891080294451907, 1.9043332574655325, 1.8999435485664729, 1.804302540742676, 1.8164980876654664, 1.701503052343662, 1.966976039954658, 1.631922601278658, 1.6272238714257188, 1.6230924082368947, 1.6210030876100063, 1.694066915139819, 1.6585524861798768, 1.6424854273051, 1.6337905566905648, 1.630853501483338, 1.63603822337484, 1.6445776109210866, 1.6409945281451788, 1.6666483526531979, 1.6336516393981968, 1.6696853026769276, 1.6449222413293754, 1.6326355816505542, 1.6333666738353245, 1.6486365317737717, 1.6322335757649522, 1.6406289197444148, 1.642960072169003, 1.6344672256923625, 1.6446822239193688, 1.6180978857379384, 1.635020549054302, 1.6309639535876632, 1.6105514680700685, 1.6278836790150697, 1.64461968468867, 1.633342845803773, 1.6352731249141408, 1.6349668609447963, 1.6380551970675283, 1.6221942618310259, 1.6353202854703686, 1.6365999782868261, 1.6236501537223291, 1.6358575030172056, 1.6281961050328053, 1.6226078522180951, 1.626831641588319, 1.6300500432102891, 1.6330473807605204, 1.632758606208933, 1.6367860760398136, 1.6315585396388528, 1.6331590844797468], "validation_accuracy": [0.7278036500943996, 0.7511397697791027, 0.7300523876687484, 0.7517694768393726, 0.7518319860995697, 0.7518319860995697, 0.751800554016628, 0.7518132366273728, 0.7517694768393726, 0.7518882175226591, 0.7156778807413376, 0.7183842046942629, 0.7256797583081567, 0.7198680665709923, 0.7326752618855757, 0.7135626510878323, 0.711863979848867, 0.7107854246934097, 0.7298052945769625, 0.7134298300818104, 0.7236153071500493, 0.7308224868457546, 0.7288980660757454, 0.7276574307304752, 0.7475830815709978, 0.7358590308370038, 0.7356452100332436, 0.7293587224824954, 0.7344159113796586, 0.7117255968570498, 0.7311624861488871, 0.7320799355683089, 0.721824317517874, 0.7333031127228776, 0.7100090670965145, 0.723712573342398, 0.7147038249531312, 0.7098740554155997, 0.7220461356021283, 0.7323262839879157, 0.7252951152754726, 0.7259034020800275, 0.7228669973062156, 0.7296406625509083, 0.7140741487003825, 0.724417872876022, 0.7282674846525546, 0.7142117869033299, 0.7238784760945391, 0.7151114469210355, 0.715764365583042, 0.7157331655129004, 0.717431737237828, 0.7182779456193337, 0.7182779456193337, 0.7187405541561673, 0.7199856462944768, 0.7217104600825546], "confusion_matrix": [[[22036, 5702], [4974, 6988]]]}