{"epochs": [1, 2, 3, 4, 5, 6, 7, 8, 9, 10, 11, 12, 13, 14, 15, 16, 17, 18, 19, 20, 21, 22, 23, 24, 25, 26, 27, 28, 29, 30, 31, 32, 33, 34, 35, 36, 37, 38, 39, 40, 41, 42, 43, 44, 45, 46, 47, 48, 49, 50, 51, 52, 53, 54, 55, 56, 57, 58, 59, 60], "training_loss": [0.5426114369187882, 0.47459517869664486, 0.47723275521152136, 0.4560105936885699, 0.4462417358900933, 0.44425773734301516, 0.4649734221963438, 0.4602034904529201, 0.43391792595393447, 0.4365021757816683, 0.41099425016619523, 0.4095156295365382, 0.4075783108728412, 0.4078097506348315, 0.40673518612016135, 0.406483040453024, 0.4068375061147987, 0.4058437510308597, 0.40533925554548833, 0.405155684153042, 0.40225911705398293, 0.4020137177610106, 0.40155763505256503, 0.40149212779514176, 0.4012358547791597, 0.4012029978801012, 0.4011380030767776, 0.40109544795825464, 0.40105892838145113, 0.4011625538605975, 0.4005165755731864, 0.40050553409270495, 0.4005801734543556, 0.4004955001052986, 0.40074548049933856, 0.40048999308882627, 0.4006430818528318, 0.4007647713185065, 0.40040825463934765, 0.40043072938078617, 0.40048183791839354, 0.4004885324682535, 0.4004704543092131, 0.40041108212626353, 0.40059259875811687, 0.4003974182076143, 0.4003738912154637, 0.4006683429539785, 0.40042511134673187, 0.40058422748112, 0.4004276298733676, 0.40037987072297354, 0.40042544543857195, 0.4004838227795715, 0.40045982813129144, 0.4004525123536352, 0.400457156841168, 0.4003905956047201, 0.40041796366131377, 0.40049896293926074], "training_accuracy": [24.286853617851303, 20.000448817212597, 9.700769903872262, 25.43894622466828, 21.361876375036367, 21.28945598678978, 7.629020276863041, 12.444104501101943, 25.490113730825986, 20.692999685237936, 11.061722566349399, 12.37425243940851, 27.546965881908612, 18.621420859968666, 23.425071601674016, 22.030189344344848, 17.244073024866562, 21.14704188292225, 25.023772578913697, 23.463922198092632, 15.18171803394267, 14.455690824053125, 21.06879469231544, 16.456200818382385, 26.26309328968894, 22.98504390520267, 23.557475605917464, 25.547771241892054, 19.646975133774113, 11.8221214982689, 23.720440667296245, 21.584542978602233, 11.83579477494513, 23.573654390934706, 9.236116444550845, 20.343127102880587, 12.521078440629605, 6.613629209946542, 25.626252230646735, 26.16600151076422, 17.07700490998389, 20.29017727404871, 15.119138743932647, 23.595725527226893, 9.232000428074244, 22.89182324615248, 25.574180207910675, 8.588498207467019, 24.82978742154999, 9.904460182562, 23.551652502360785, 22.90640166178846, 24.871890166751765, 15.756804905071359, 15.74964747947825, 16.412527541706314, 20.314907197870202, 21.609813339040908, 20.307672293232333, 11.205229247781087], "validation_loss": [0.5261565387930048, 0.4909127869398705, 0.5046112041782335, 0.4781310416571774, 0.43600328168171987, 0.44740722545430883, 0.47199069540079397, 0.42861981596097815, 0.47718388585199406, 0.4586813360295878, 0.42309807718443304, 0.42363824056278887, 0.4184692208441736, 0.43582701539731317, 0.419023336084692, 0.4204066005251198, 0.4174378208070527, 0.41976304119351165, 0.41667011213333094, 0.41708518189040505, 0.4174189945916637, 0.4162255806243592, 0.4158505340466262, 0.4160229971775993, 0.41568314768929154, 0.416634543917696, 0.4158180636407262, 0.41555437372165543, 0.4156158804361442, 0.41661423109264684, 0.41552933365976824, 0.41557032825314, 0.41554178043120493, 0.4155122742837129, 0.4156986877792611, 0.41527958043563235, 0.4153942710507729, 0.4155590466897313, 0.41518395203572894, 0.4151263392981865, 0.4151856341286606, 0.4152468625835098, 0.4153814492506464, 0.41536566993442925, 0.4157129321482565, 0.4150882852147397, 0.41511702818164514, 0.415676608471246, 0.41528769290206924, 0.41534317443850377, 0.4153625496631668, 0.4150769173240149, 0.41527679335130935, 0.41534393206659476, 0.4153438270374586, 0.41508459995752706, 0.41524423843999914, 0.4154902666019081, 0.4152444876082859, 0.41537925762844297], "validation_accuracy": [25.36747640025179, 20.869852144782232, 10.094751158573432, 26.749653661116902, 22.479590038024728, 22.479590038024728, 8.013573407202236, 13.089402639266632, 26.777990478829302, 21.74637462235651, 11.647461724415793, 13.089402639266632, 28.970694864048333, 19.574967897877542, 24.63542506043512, 23.202155519742142, 18.213627204030217, 22.479590038024728, 26.777990478829302, 25.36747640025179, 15.846576032225547, 16.6063039701921, 22.14197219983884, 17.350806045340043, 28.819385699899293, 23.12125865324108, 25.096403747355687, 27.56939197017787, 20.786606243705958, 12.853782613075435, 25.21325677445351, 23.222868217054273, 12.641331721567429, 25.097058527248908, 9.87482369534553, 21.713152527007626, 13.212918660287126, 7.138387909319873, 26.979925444562028, 27.996122860020133, 18.203113193290015, 21.692050061695745, 16.131819440598193, 25.133877304321537, 9.871750957082382, 24.50791692888615, 27.254924185179622, 9.155483350964714, 26.473583480231643, 10.553960458380597, 25.13090561096, 24.470509754562674, 26.487786451775328, 16.811278952668637, 16.811379657603176, 17.594181360201503, 21.691017602175712, 23.06647035135408, 21.69104278411523, 11.944324133763049], "confusion_matrix": [[[25888, 1850], [8177, 3785]]]}