{"epochs": [1, 2, 3, 4, 5, 6, 7, 8, 9, 10, 11, 12, 13, 14, 15, 16, 17, 18, 19, 20, 21, 22, 23, 24, 25, 26, 27, 28, 29, 30, 31, 32, 33, 34, 35, 36], "training_loss": [1.240672885442547, 1.129761958370334, 1.1086690635006493, 1.0000388993016913, 1.0506711307095602, 0.999993954075931, 1.0648177959900444, 1.0206712655558465, 0.9675202982499544, 0.976859962347828, 0.921434452835002, 0.9114371946715768, 0.8915896662218391, 0.8973975618572256, 0.8904820528529174, 0.8898290764176121, 0.8913518841271979, 0.8844023149604855, 0.8801755796347034, 0.8787618970773797, 0.8734287740664101, 0.8730444984070431, 0.8671704477858767, 0.8697335938736913, 0.8632658493619384, 0.8650279407588284, 0.8642160042183258, 0.8623567902450695, 0.8652620076232637, 0.8737590032609089, 0.8613287477334566, 0.8621449668871994, 0.8718309880932398, 0.8617502476135664, 0.8770957476768598, 0.8632038751163998], "training_accuracy": [0.7307399364240179, 0.7446406314915168, 0.7440547011560024, 0.7533846295346309, 0.7467203724046452, 0.7523479867431047, 0.7514865432944585, 0.7521750078690553, 0.7543043800759024, 0.7538558388416756, 0.7323456463715566, 0.734164305949006, 0.7421534684627947, 0.7425049337601296, 0.7443757278192191, 0.7461067328029006, 0.7463959710419371, 0.7486534222589721, 0.7516003834275689, 0.7528813772700202, 0.75357241778718, 0.7554465853796749, 0.7561530617383422, 0.7578973874725243, 0.7606068236182816, 0.7594089321121799, 0.7598615045640547, 0.7608605338444442, 0.7609694680516199, 0.7607239534151684, 0.7612779351589529, 0.761848858338372, 0.7599118665407565, 0.761186654076169, 0.7600943651597943, 0.7609265839731522], "validation_loss": [1.3389850907913914, 1.2745512504847631, 1.2722693381434351, 1.094844971742665, 1.1377988570703486, 1.0846481982205618, 1.1016230237030442, 1.1097184387352828, 1.1219356707231083, 1.134537114432571, 1.02821556017857, 1.029928812250733, 1.0321205342554254, 1.085217732506808, 1.0088037520285544, 1.028260618303348, 1.0170797337383233, 1.1055035189741407, 1.0309734790618104, 1.0023684801861525, 1.0204405300384656, 1.0146247458316906, 0.9999927265793322, 1.016449581789298, 1.0149729593196088, 1.005275989296084, 1.0254157296542346, 1.0281224884121112, 1.0147453070725219, 1.0169478428867287, 1.0210323743664453, 1.0141788692700564, 1.011919765681822, 1.0108964382145604, 1.0037711211158875, 1.0090146440718846], "validation_accuracy": [0.7385273757079932, 0.7343643736933619, 0.7248891799314919, 0.7517694768393726, 0.751303165369797, 0.7518319860995697, 0.751699823721992, 0.7518132366273728, 0.7517694768393726, 0.7420191339375636, 0.7223005640612409, 0.7378362042913197, 0.7518882175226589, 0.7389530931339238, 0.7389202256244961, 0.7184780419016922, 0.7290931989924436, 0.7522600790712904, 0.7565804387798781, 0.747237256135932, 0.7680010070493449, 0.7306462576470913, 0.7444349315068494, 0.7409068010075529, 0.7774672708962737, 0.7416236626809302, 0.7726906416842965, 0.7667120044330267, 0.7655840886203429, 0.7408330814949075, 0.7473305127430246, 0.7472566193496452, 0.7394479701823272, 0.7435529364359833, 0.7453657062260745, 0.7426153962378169], "confusion_matrix": [[[25366, 2372], [7367, 4595]]]}